first_name,last_name,RMP_ID
Terry,Balkaran,590729
Ross,Greenberg,59487
Jerry,Waxman,287312
Joseph,Svitak,348234
Mike,Marroquin,789772
Al-Karim,Gangji,2692480
Peter,Chabora,185953
Alexander,Moudrov,210976
Peter,Conolly-Smith,714297
Mathew,Bradbury,806236
Sateesh,Mane,2283454
Simina,Fluture,513427
David,Erlach,153232
Reuven,Ilyayev,2038774
Eva,Solarsh,900334
Katerina,Hantzandreou,1184328
Joseph,Pastore,1870834
Doreen,Schmitt,22586
Carl,Bonomo,49661
Matthew,Puglisi,22699
Henya,Spitz,405353
Tsippa,Ackerman,375862
Vijay,Kumar,888937
Amy,David,327209
Scott,Ruthizer,139834
Paulette,Martinez,2257248
Steven,Goldman,1786967
Priya,Kalra,399770
Joshua,Good,2322519
David,Leventhal,75381
Farahmand,Rezvani,204990
Pokay,Ma,502798
Carole,Eisen,35765
Cathy,Callis,185947
Robin,Rogers,2014663
Blendi,Koroveshi,555478
John,Tytell,185746
Nick,Dauber,342477
Kathleen,Mangiapanello,468490
Sarah,Hanks,939841
Alex,Ryba,44623
Sharon,Erlbaum,277455
Lawrence,Cappello,1629112
John,Collins,257796
Scott,Soares,78229
Bojana,Obrenic,249702
Timothy,Pugh,309004
Alexey,Ovchinnikov,1312135
David,Debora,275280
David,Lee,506662
.,Satenstein,561166
Joseph,Ocando,1749187
Michael,Dohan,296096
Geordan,Hull,579419
Wagdi,Taha,1538922
Eugene,Don,22554
Kent,Boklan,629756
Clive,Belfield,627327
David,Hornung,346386
Karl,Fath,392607
Stefan,Ralescu,169297
Harry,Levine,258592
Phil,Lewis,465979
Steven,Kahan,328377
Esther,Muehlbauer,1357059
Jeff,Cassvan,263935
Rosa,Amatulli,509686
John,Maerhofer,210357
Nick,Alexiou,202790
Vivek,Upadhyay,1116392
Usha,Barahmand,1986753
David,Puzzo,2909711
Wayne,Moreland,857409
Harvey,Burstein,53838
Mark,Simon,1436107
Marc,Levine,346385
Tat Yung,Kong,1789322
John,Wang,510474
Nicholas,Coch,604914
Janice,Lenzer,1096012
Kenneth,Lord,100358
Seymour,Mintz,391196
William H.,Hersh,357257
Alexander,Reichl,98628
Kenneth,Kramer,98645
Nathalie,Fouyer,1134810
Erica,Doran,1450177
Thomas,Sangiorgi,387549
Ursula,Schoenheim,184699
John,Lange,82090
Saima,Cheema,970897
.,Nussbaum,415671
Anne,Smith-Thompson,352320
Peter,Vellon,287964
David,Miller,1506842
Hefer,Bembenutty,349784
Murphy,Halliburton,22547
Alexander,Altman,391973
M,Milo,828790
Sarah,Covington,285415
Jamie,Schulman,1932519
Cara,Marshall,460848
Shiro,Withanachchi,907474
Kirby,Brown,327169
Isaac,Alteras,202866
Kevin,Birth,22548
Doreen,Berman,22535
Karl,Mitchell,1310003
Mara,Einstein,72380
Cherice,Evans,559275
Akina,Nakayama,1868969
Robin,Hizme-Rauc,287315
Michelle,Fowler,1251713
Ziva,Flamhaft,298240
Susan,Meswick,544653
Jennifer,Roff,1014310
Kevin,Balsam,626848
Andrew,Hacker,306766
Lawrence,Teitelman,463446
Ann,Azzollini,210880
Nora,Teikmanis,848558
David,Toledo,405219
John,Bowman,98626
Arthur,Boodaghian,791700
.,Tousi-Haki,308466
Mika,Vesanen,937363
Olga,Binyaminov,1535568
Valerie,Wolf Sonkin,643077
Michael,Steffy,22549
Elliot,Gangaram,2187985
Dax,Soule,2168438
Marvin,Gruza,623836
Francis,Rotella,1671221
Mandana,Limbert,72381
Rhoda,Sirlin,1312170
Salvatore,Miceli,328081
Alex (Jia),Chen,2313685
Carl,Riskin,81914
Alan,Weinman,221384
Francis,Feeley,1835445
Melvin,Bernstein,399458
Jennifer,Valad,1501116
John,Nici,182058
Saeed,Zakeri,437173
Jennifer,Greenman,1840079
Seth,Shire,1686401
Alice,Sims,23613
Omar,Montana,1819616
Alan,Sultan,98650
Dae-Yeop,Hwang,1154237
Nathalia,Holtzman,839731
Alexandra,Cvejic,400819
M,Mazzo,1207785
Raquel,Lopez,1969114
Eric Gabriel,Lehman,98293
Yemi,Agbeyegbe,304965
Jacqueline,Mulone,1646391
Yves,Cloarec,1790513
Edmund,Leites,153656
Michael,Bourgoin,1446445
Arthur,Baker,500036
Julie,George,694741
Dening,Lohez,1173910
Beverly,Fenig-Ducat,216934
Leslie,Stevens,115054
Robert,Ranaldi,35742
Matthew,Fried,1822595
Stephen,Rowe,434306
Miki,Makihara,22545
John,Devereux,410481
Suzanne,Strickland,235568
Adele M.,Broges,487526
Nick,Petaludis,969885
Christopher,Kolb,2718949
Giuseppie,Fortuna,175448
Jeff,Maskovsky,404885
Ernest,Barone,599563
Karen,Strassler,827242
Robert,Engel,578969
Jimee,Tomomi Emoto,1524946
Dening Wu,Lohez,1224430
Fern,Sisser,22553
Jason,Sand,1336987
Samantha,Dalfen,1820384
Peter,Glass,344373
Dong-Ho,Cho,72377
Robert,Goldberg,446485
Sudeb,Mitra,251325
Pamela,Derosse,153248
Gaoquan,Liu,1725728
Joan,Nix,310835
Helisse,Levine,620017
Basil,Browne,414737
Ariana,Durando,1150546
Omri,Elisha,1312147
Joy,Quiles Tajes,1425103
Svetlana,Cheloukhina,447250
Richard,Lahijani,1184418
Mitchell,Baker,543298
David,Kirschner,210979
Chihiro,Shibata,2202745
Norman,Weiss,98652
Kelly,Seufert,86824
Bernard,Cohen,177098
Bon,Sy,217852
Steve,Leventhal,941770
Abigail,Doukhan,1472309
Patricia,O'Connor,781842
Md Mahbubur,Rahman,2649371
Xiaopeng,Tao,2806515
Ilyssa,Monda,1855757
Adam,Wang,2148901
Sheila,Sanders,2244738
Luc Gerald,Marest,1310009
Erin,Wuebker,1851464
Arthur,Shippee,406134
Alan,Rosenberg,117014
Joe,Rollins,53835
Zong Wang,Liu,1780502
Lucian,Gherghi,207867
Mikhail,Lipyanskiy,1082142
Ronald,Rothenberg,133377
Krishna,Mahavadi,2063432
Harry,Gafney,153706
Michael,Pandazis,1796324
Mary,Gallagher,176734
Dorian,Abreu,2163670
Sue,Goldhaber,361796
David,Goldberg,891913
Lila,Swell,562778
Michael,Joseph,1953691
Mindy,Altman,450758
Roy,Nitzberg,217066
Virginia,Johnson,327222
Andrew,Paizis,288377
Jackson,Yeh,1082596
Elena,Frangakis-Syrett,584234
Taly,Ben-Yakar,2271369
Toni,Spring,502830
Francois,Silatchom,545145
Kate,Pechenkina,405824
Tim,Rosen,1138691
James,Jordan,426285
Elizabeth,Schumacher,2480081
Jay,Ho,2080904
Cesar,Elescano,327212
Norman,Lewis,315117
J,Farber,970749
Dianna,Chen,98642
Arthur,Adelberg,338730
Ashley,Dixon,1904426
Barbara,Bevington,68525
Harriet,Davis-Kram,190750
Anna,Bounds,900360
Kristine,Rosales,1033588
Heather,Katz,1180217
Christopher,Mendez,2531965
Francis,Forrest,1068947
Parsla,Vintere,35739
Magnus,Bassey,82863
Julian,Cornell,975677
Edward,Look,486671
Michael,Cohen,907625
Joseph,Pascarella,60887
Leticia,Arroyo Abad,2442069
Paul,Fadoul,1416216
Morris,Rossabi,22542
Gary,Berman,823699
Rachael,Benavidez,2419681
Katarina,Evans,2224818
John,Furnari,111412
Kabir,Mohammad,1197697
Lisa,Bernard-Steinberg,244135
Alice,Artzt,185822
Samuel,Heilman,117057
Alberto,Cordero,407974
Michael,Crowder,1870898
Michael,Skafidas,856225
Lawrence,Eisman,205933
Ryan,Black,842515
Joy,Fuqua,1052597
Antonio,Donato,1095112
James,Vacca,487630
John,Weir,257195
William,Blanford,1904788
Gregory,Snyder,418425
Oren,Steinberg,2698138
Barry,Leibowicz,454843
Raymond,Law,1234082
Martin,Braun,98641
Michael,Mirkin,305105
Joyce,Tang,327452
Marta,Statucka,1101187
Elyse,Price,2386529
William,Clark,22551
Yosef,Alayev,424054
Maria,Duravcevic Gjonlekaj,1396526
Susan F.,Fleischer,53825
Alan,Stein,509405
Ying,Zhao,1162630
Shlomo,Ben-Har,699863
Caroline,Rupprecht,110117
Charles,Martin,533829
Sari,Kisilevsky,1312151
Jasim,Uddin,1149432
Pat,Miner,221588
Jonathan,Buchsbaum,415273
Barry,Lebowitz,377859
Julen,Esteban-Pretel,1929633
Kaveh,Saminejad,1051667
Ryan,Sperry,1451702
Ernest,Kohn,360110
Mario,D'Avanzo,91055
Linda,Farhood-Karasavva,283744
Larissa,Swedell,205789
Steven,Solieri,1162635
S.,Sen,891469
.,Milich,346382
Helen,Gaudette,305560
Joe,Emmett,356109
Zhen,MA,1173911
Stanley,Gelfand,254539
Beatriz,Pena,1512012
Noah,Tsika,1578321
Chi,Tse,2012830
Eva,Fernandez,410818
Jared,Mijares,1335564
Claudia,Brumbaugh,1033383
Christine,Ramadhin,1852524
Scott,Feldman,305150
Thomas,Tilitz,1589205
Augusto,Verastegui,1458874
Mara,Markinson,2446732
Fred,Cadieu,413601
Giuseppe,Cataldo,414174
Christine,Folch,695125
Moya,Luckett,894361
Veronica,Schanoes,1006520
Barbara,Beinstock,416570
Karen,Steuerwalt,522826
Tom,Plummer,258595
Reid,Vancelette,1924327
.,Desai,298443
Robert,Weiss,642058
Evan,Zimroth,22539
Norka,Blackman-Richards,494164
Wendy,Leynse,2192580
Thomas,Lemonda,218410
Thomas,Gorman,206013
Arnold,Franklin,1312148
Hugh,English,285178
Monica,Casco,153222
Edward,Gruszecki,412410
Xinying,Chyn,2715711
Robert,Kapsis,511079
Bobby,Wintermute,886627
Lori,Yamato,400980
George,Hendrey,794731
Judith,Kimerling,98632
Ali Jimale,Ahmed,349048
Thomas,Ort,1700207
Anthony,Santana,2091419
Susan,Kuhn,341257
Gaurish,Telang,2937156
Anamaria,Flores,289163
Seth,Rosenbloom,2052088
Matthew,Civiletti,2305420
Brais,Outes-Leon,2079874
Beth,Sherman,1940981
Michael,Salamatbad,1588856
Robert,Crush,399137
Amanda,Mentzer,1212555
Marleen,Kassel,1253169
Tracy,Dryer,1822974
Mindy,Rhindress,569662
Babak,Gandjian,2143255
Alan,Milchman,283540
Allan,Ludman,200363
Zadia,Feliciano,406682
Juan,Monroy,1122219
Jonathan,Gaska,547298
Kangmei,Yang,1690453
Adam,Kapelner,1951051
Joseph,Kahane,390831
Tom,Frosch,116512
Harvey,Halpern,346258
Sarah,Schwartz,2186891
Xinying,Wang,2398180
Gillian,Stewart,828949
Pierre,Faye,648536
Aryeh,Greenberg,2107674
Dorothy,Nixon,173736
Yevgenia,Traps,486405
Stephen,Pekar,403550
Russell,Miller,311326
Deborah,Gruber,1417554
Edward,Smaldone,327216
George,Priestly,49660
E,Murray,1109647
Paul,Hebert,1869839
Michael,Sargent,320847
Aaron,Freundschuh,1514023
Krzysztof,Klosin,1650543
James,Moore,153645
Tj,Webster,346153
Alex,Safos,416028
Felicia,Madimenos,1852595
Jill,Carvajal,2441893
Javier,Seymore,843900
Danielle,Beech,1690528
Miranda,Suri,1437685
Johnny,Lopez,2465988
Maria,Sabitova,1312130
Benjamin,Agyepong,805734
Tsaiyun,Phillips,1870716
Alan,Gonzalez,1255591
Sebastian,Alvarado,2521646
Kerry,Wong,80974
Arthur,Costigan,103999
Jian,Xiao,1766712
Eric,Chernov,917410
James,Maniscalco,1783378
Lewis,Cook,501273
Laura,Giatti,2352671
Michael,Wolfe,2702290
Neal,Hitzig,479473
Erika,Figel,2459271
Richard,Payne,2396270
.,Orenstien,310845
Joseph,Cuomo,399444
Lillian,Moncada-Davidson,257769
Seo-Young,Chu,1312172
Kenneth H.,Ryesky,277465
John,Terilla,498381
Edward,Powers,2020585
.,Khan,44602
Vanessa,Perez,2192442
Jennifer,Holl,447072
Raymond,Skrabut,1291932
Carol,Giardina,418819
Andrea,Li,583606
Iva,Burdett,2824408
Keena,Lipsitz,758793
Robert,Elan,439033
Qianyun,Huang,1517298
Helen,Schwalb,1702863
Roland,Michel,2421981
Christopher,Winks,1365274
Monika,Rydzewski,2007462
Chris,Dolman,742822
Daniel,Leavitt,855541
Renee,Weiss,1312145
Ingrid,Gomez,1456708
David,Houpt,1513442
Dean,Savage,121771
John,Juva,600909
Renu,Bhagat,1130650
Nazreen,Bacchus,1191085
Judith,Nysenholc,233493
John,Svadlenka,2485140
Bekime,Bekteshi,2508119
Karen,Ball,1994889
Karen,Williams,989701
Andy,Abreu,2148908
Roopali,Mukherjee,255039
Jeffrey,Bird,1003601
Michael,Newman,70119
Michael,Edelstein,297731
Justin,Storbeck,1312154
Hilail,Gildin,179122
Ann,Davison,260784
Sean,Fitzsimons,390216
Louis,Nicolosi,1642960
Concenntina,Pagano,558092
Jomal,Seligson,1812180
Joseph,Klarfeld,567842
Lou,Vuolo,660495
Arbie,Orenstein,174729
Amy,Herzog,332567
Frances,Feintuch,587828
Zeynep,Topaloglu,776553
John,O'Brien,387653
Anastassiya,Andrianova,429326
Susan,Croll-Kali,53824
Maria- Effie,Stalias,1258626
Ranjitkumar,Benjamin,1100433
Serenity,Young,1129195
Hala,Abdelghany,1536488
Emily,John,1691347
.,O'Neill,98636
George,Marketakis,636954
Kevin,Schwab,1159582
Irma,Llorens,326100
Marci,Goodman,326444
Armando,Tapia,2324623
Antonios,Varelas,604925
Maria,Athanasopoulou,2314307
Kirsten,Berger,1820251
Thomas,Strekas,510003
David,Gabel,347929
Ariela,Herman,396813
.,Qureshi,443802
Sergio,Gallegos,204485
Barbara,Waldinger,210363
Clint,Weastwood,2731540
Elena,Vesselinov,1162637
Christopher,Hanusa,1157814
Caterina,Cordeiro,397818
Gardiner,Comfort,2070700
Paul,Cesaretti,2354095
Phyllis,Lisi,796851
Jabri,Dionisio,1299279
Daniel,Habib,328370
Shivani,Malhotra,1682603
Francesc,Ortega,1478872
Benjamin,Young,679673
Peter,Heller,2230400
Richard,Maxwell,454463
Theresa,Fiani,1890999
James,Richie,1905845
Polina,Shkadron,2047897
Amy,Tucker,173125
.,Simon,223446
Milette,Shanon,1708736
.,Allen,348448
M,Detres-Hickey,1249072
Yu,Chen,1312160
Michelle,Lubomski,406859
Maria,Kozhevnikova,732306
William,Lacker,2280304
Thomas,Chung,2229741
Hannes,Brueckner,22544
Peter,Sturmey,211880
Susan,Hellauer,604507
Yael,Neumann,1057382
Chastity,Whitaker,1063467
Catherine,Tsiris,1289889
Liberman,Peter,762172
Chuixiang,Yi,1082221
Daniel,Yuabov,1405223
Fischthal,Arnold,1812414
Roumen,Vesselinov,1168157
Katherine,Antonova,1260532
Juan,Rodriguez-Aponte,1969549
Carly,Tocco,2038121
David,Gerwin,185821
K.,Ball,1052162
Scott,Wilson,1157817
Simran,Kang,2177095
Harold,Schechter,1104839
Sandra,Wozniak,1868885
Denise L.,Miller,1579272
Dan,Lee,1236017
Marlene,Dockery,1855770
Rudolf,Nisanov,2161234
Tim,Short,417485
Thom,Thurston,429751
David,Linn,788206
Salma,Asif,2330644
Carolyn,Webb,670620
Helena,Ribeiro,715322
Hillary,Gulley,1618536
Ashraf,Shady,1162657
Nicole,Mueller,2654604
Gad,Klein,405257
Aaron,Kendall,996704
Abe,Walker,935435
Amy,Hsin,1503085
Thomas,Jockin,2158462
Donna,Doyle,104886
Danielle,Malkusz,1136526
Ira,Hauptman,82109
Karamvir,Singh,2262679
Elaine,Housseas,2408540
Richard,Bodnar,414208
Anhong,Cai,835045
Anita,Feisulin,1633047
Stephen,Sheets,381869
Scott,Ewing,2201986
Maxwell,White,2468155
.,Fleming,399450
Nancy,Cohen,416569
Elena,Markowitz,1957987
Geoffrey,Nutter,1919326
Bryan,Nevarez,2358922
Victoria,Tomasulo,2162315
Andrew,Alger,1966901
Martin,Hoffman,98644
David,Bahr,328476
Elizabeth,Ijalba,932150
.,Krasner,53837
Alice,Keane,2202128
Yan,Sun,53836
Daniel,Zender,2186746
Martin,Cohen,2343154
Claudia,Feldstein,1649189
Patricia,D'Ateno,229998
R.,Myrthil,1035063
Emily,Curtin,1326270
T.,Eaton,1360395
Nora,Carr,1774010
Natalya,Balnova,1985269
Meimona,Ali,2107629
Hugo,Kaufmann,268152
Igor,Rodriguez Calderon,1589924
Matthew,Williams,462940
.,Pierre-Louis,98631
John,Furnari,232510
Shuk,Tsoi,1835871
Grace,Davie,746026
Stella,Boghosian,155561
Kristin,Celello,1033621
Heather,Simon,1905220
Beverly,Gross,81911
Harry,Hoehn,374405
Robin,Rogers,60885
Carrie,Hintz,209379
Joh,Dharma,2819735
Michael,Zapf,1702865
.,Pine,175320
Soledad,Romero,319549
Hester,Eisenstein,225049
Andrew,Lang,2168340
Warren,Deboer,22698
Tracy,Robey,901452
Parvene,Farhoody,1806804
Michael,Maller,23547
Glenn,Dyer,1485195
Sara,Geizhals,1330000
Joel,Spring,405791
Diane,Menna,371639
Alison,Baren,1714241
Stephane,Boissinot,349043
Sori,Yoo,2096692
Julie,Mankiewicz,110116
Howard,Ehrlichman,922891
Philip,Ramsey,184727
Sara,Babad,2170272
Lucian,Makalanda,942599
Humayun,Kabir,1868235
Georges,Courtadon,1953188
Jessica,Young,1973207
Lauren,Galanaugh,2444564
Holly,Weisberg,2085868
Kamran,Moshref,1785827
John,Dennehy,1248244
William,Emerson,335988
Lev,Deych,447951
Jennifer,Morrison,1172317
Moshe,Adrian,2053981
Elizabeth,Simon,325757
Alyssa,Chimiklis,1870032
Alicia,Alvero,318477
Barbara,Simerka,231500
.,Gregorian,246222
Jack,Richman,975367
Roberta,Brody,495806
Stephen,Haller,2382214
Basuli,Deb,2201688
R,Esquen,1173102
Alice,Perez,1693392
Thomas,Myers,966238
Tracey,Billado,2062239
Madhulika,Khandalewal,455200
Karina,Attar,758010
Charles,Repole,213226
Xiao Ping,Lin,626208
Lucia,Pozzan,910788
Katherine,Tineo,2397391
Robert,Steiner,913017
Alan,Takeall,1953723
J,Pereira,1289133
Amanda,Zwilling,1783958
Jun Yong,Choi,2330295
Stephen,Politis,2341280
Kimiko,Hahn,194332
Kara,Schlichting,2129270
Joseph,Cartolano,2464221
Anthony,Malagon,1205586
.,Wang,417063
M,Nelson,1146671
Mayank,Goswami,2195317
Jorge,Alves,1614761
Jeremy,Miller,1696147
P,Watson,1162845
Wilma,Saffran,251320
Douglas,Manson,2093572
Stephen,Grover,327182
Martin,Eisenberg,490949
.,Krienke,531989
Kristina,Richardson,1162636
Phillip,Nandin,1918006
Julia,Sneeringer,541592
Anthony,Pagano,1807702
Karen,Regen,246378
Victoria,Allen,1009219
Emily,Claman,1868474
Stephanie,O'Neill,1629063
Karin,Vorperian,434882
Liana,Scalettar,1427144
.,Min,202793
Nazia,Kazi,1215668
Arthur,Silverman,1449716
Alexis,Amann,1875824
Edgar,Troudt,44603
David,Koch,409578
Sara,Bauer,1300854
David,Wiener,486033
Roberto,Peredo,2378980
Julie,Altman,407653
Sheldon,Wayman,1310004
Amy,Chazkel,486236
Dan,Ferguson,911304
Mari,Fujimoto,394245
Debra,Priestly,225093
Richard,Marotta,383914
Jinghong,Li,569104
Francesca,Bregoli,1312150
Leo,Hershkowitz,565388
.,Khan,308974
Vinod,Menon,752341
Justin,Bracken,1807428
Richard,McCoy,203733
Joshua,Waxman,1089765
C.,Cox Evans,1208799
Dana,Calvet,2128325
Zohaib,Qamar,2286544
Leslie,Grubler,1455412
Lawrence,Waldron,2301967
Yunping,Jiang,329320
Karen,Sullivan,506213
Miles,Grier,1817760
C,Pytte,882966
L,Guendoo,953322
Ricardo,Gonzalez,2350533
Gregory,O'Mullan,1162644
dragomir,saric,1989226
Harold,Moss,60886
Ted,Sammons,486819
Jen,Russo,493647
Ioannis,Kostopoulos,1692385
Hye,Lee,2512450
Robin Helene,Osborne,53834
Megan,Paslawski,1512242
Nick,Metas,150830
Evelyn,Julmisse,378852
G,Weinberg,830016
Ryan,Edwards,906307
Diane,Karol,405904
.,Quader,949517
Kathryn,O'Donoghue,1220273
Keitaro,Yukawa,339007
Nora,Glickman,432375
C.,Gochanour,1172349
Barry,Goldberg,1956155
Lee,Norton,2300471
Chengcheng,Wen,1849928
Evan,Daniel,1629114
Natalia,Londono,1865230
Susan,MacMillan,395230
Rudy,Wu,2410802
Ethel,Kosminsky,1172178
Gerald,Landau,1276963
Elizabeth,Roistacher,202838
.,Gissinger,432337
Stephen,Eder,2203618
Carl,Ward,1168161
Soniya,Munshi,738007
Lily,Frank,913280
Geraldo,Vasquez,1140514
Zhigang,Xiang,44599
Kate,Schnur,2147359
Larry,Liebovitch,2185735
William,Haddican,1555980
Melissa,Checker,998386
Nancy,Agabian,399439
Meng-Ting,Chen,2333803
Jon,Sperling,544009
Elissa,Bemporad,1312149
Mary Ann,Gallucci,1813507
Andrew,Derosa,1450265
Horatio,Williams,414563
John,Matturri,345896
Noam,Schiendlin,510774
Sandrina,Brown-Hamberry,1709560
Brianna,Bisogno,2182792
Tsippa,Atkin,2559394
Patrick,McGough,190940
Mary,Diaz,1363777
Brian,Kim,1595029
Arnold,Adler,2184208
Andrew,Ng,2509566
Alyson,Cole,98629
Caroline,Hong,1312171
Timothy,Eaton,2051730
Scott,Kapuscinski,2107776
Evgeniya,Koroleva,2126408
Bruce,Brown,53828
William,Farrell,485194
Trevor,Lee,1053087
Melinda,Cornwell,1744931
Christopher,Williams,2232899
Kwong-Bor,Ng,661849
Michael,London,1180836
Anastasia,Capetanos,2020918
Shih,Jen Weng,2068341
Chaya,Cassano Reed,2381926
Carmenza,Gallo,631474
Jose,Martinez-Torrejon,377114
Gopal,Sukhu,411184
Kurt,Kauper,941768
David,Lahti,1312161
Ashima,Kant,298494
Rhonda,Tenenbaum,1095288
Naveed,Alam,54860
Sam,Rubino,1293926
Anestoria,Shalkowski,2279882
Jan,Bazant,2264536
Clare,Carroll,424399
Versuka,Cantelli,574275
Katya,Staikova,1302353
Karine,Tache,1870618
Jeffrey,Katz,2418919
Michael,Magoulis,2461581
Judith,Ackerman,293015
Nduka,Uchenna,1942011
Fidel,Tavarez,2623003
Philipp,Angermeyer,815745
Sunny,Knable,2239681
Gregory,Rosen,2717105
Jack,Giamanco,1602242
Kamil,Walczak,2520311
Jennifer,Johnson,956581
Martin,Hanlon,22550
Carlos,Fittante,1632040
Mana,Kobuchi-Philip,2421347
John,Ostling,2445717
Anna,Larsson,2001404
Israel,Blumenfrucht,223587
Wjeewani,Boteju,2634956
Dallas,McCurley,109221
Patrick,Brock,403544
Andrew,Newman,169280
.,Seiler,375994
Christopher,Lore,1062146
Arto,Artinian,1498451
Leanne,Ussher,549386
Harriet,Li,54858
Fang,Sun,1987534
Elaine,Silverberg,1256494
Irving,Markovitz,22581
Layton,Franko,1147603
Harry,Feiner,493212
Zoe,Beloff,463534
Dana,Weinberg,630042
Gary,Goldberg,485770
David,Bitterman,2242259
.,Micic,574493
Rahul,Sahajpal,454432
Alla,Rozovskaya,2189504
.,Jackman,496794
.,Rostoker,239588
.,Huang,503316
Barbara,Mavro,1081817
Ramona,Perez,1856547
James,Saslow,628994
Joyce,Warren,414805
Andrew,Bossie,1310007
Taylor,Kennamer,1173241
Gregory,Hart,1329010
Carolina,Chaves,1786746
Salvatore,Garofalo,2648153
Paula,Gillman,1692881
Joseph,Chan,2019604
Wallace,Goldberg,22541
.,Hecht,327352
Bilaggio,Pilato,1260835
Bahar,Baheri,98278
Celestina,Dcosta,1989543
Alicia,Andrzejewski,1802344
Lourdes,Burrows,578003
Theodore,Brown,1941086
Katherine,Paccione,1475602
Jin,Fan,1653949
Michael,Toner,206239
Kimberly,Garcia,1365595
Edgar,Mcmanus,202877
Rebecca,Steiner,651747
Mikhail,Munenzon,1404480
Scott,Henkle,1058137
Larisa,Honey,1228093
Tamar,Kraft,1514072
Irina,Levin,2196378
James,Myer,2333714
Mellisa,Jagdeo,2514439
David W.,Alsop,251585
.,Epstein,338169
Prof,Benson,299749
Ilysse,Baum,1332552
Gavin,McCormick,987816
Tom,Bird,317880
M.,Stevens,901848
Kristi,Fleetwood,2260364
Amanda,Torres,2294226
Gary,Hemming,249879
Peter,Novick,808888
Miryam,Segal,1312174
C,Shanafelt,883329
Phil,Mirabelli,182450
Zaur,Isaakov,996396
Alex,Pang,2581363
Daisuke,Akiba,306198
Marc-Antoine,Longpre,1909507
Fred,Buell,118173
Harvey,Gram,180778
Sandra,Trappen,1089751
J.,Kim,1291315
S.,Archino,826158
Jennifer,Whitehead,173118
Maria,Hadjipolycarpou,2220194
Taner,Ture,2192376
Mana,Philip,2354664
Seth,Lehman,2447352
Rebecca,Schley,2476011
Andrea,Khalil,833867
Christopher,Vickery,173121
Tom,Grochowski,255036
Maksud,Lasker,1401777
Sophia,Catsambis,368147
.,Jin,277466
N,Singh,782458
Josephine,Belli,859157
Scott,Barton,2169438
Diane,Coogan-Pushner,1162629
Oded,Nir,2533188
Susan,Shaw,1086370
Kelley,Kawano,761119
Jessica,Harris,319916
Arthur,Dignam,803335
Eva,Sheridan,2340792
Alpana,Bhattacharya,402288
.,Sobel,607535
Sarah,Stinson,682877
Robert,Steger,1258714
Sharisse,Kanet,1118578
Joseph,Lisi,326713
Cindy,Feldstein,500679
Bob,Baker,565965
Hanaa,Wahba,1879797
Michael,Fried,2072193
Shira,Dvora,1524726
Maria,Saleem,2879219
Susan,Sepe,1656612
Karen,Abraham,2401412
Herbert,Hartel Jr,2449776
Tracey,Riley,1195089
Yoko,Nomura,1312155
Albert,Kim,2104684
Al Amirasafa,Shehab,2214186
Janice,Smith,453881
Line,Saint-Hilaire,1459495
Jeffrey,Satenstein,2015333
John,Gunn,472636
A.,Clarke,1081991
Kyriaki,Mihelakis,2155465
Gabriella,Skwara,1966222
Raymond,Scannell,1639130
Zahra,Zakeri,475526
Teresa,Gonzalez,1087640
Douglas,Meyer,1155071
Julie,Boyd,1867674
.,Arce,375476
Eli,Amzallag,1578948
A.,McKelligan,1023058
Benay,Don,469147
Meghan,Healey,798589
Anita,Feisullin,1632337
Yan,Zheng,249880
Katherine,Profeta,1524308
Mark,Rosenblum,215567
A.,Nandi,429630
Murray,Davidovits,479929
Heather,Hendershot,206309
Gina Marie,Tomasulo,1058691
Eric,Chen,707503
Linda,Catalano,1903712
Joanne,Miller,118172
Rikki,Asher,209426
Carole,Goodman,403656
Jacqueline,Rothstein,998580
D,Berger,892852
Marcela,Tovar-Restrepo,1257561
Sita,Patel,2345537
Jacqueline,Darvin,545826
Yin Mei,Critchell,670615
Rebecca,Nelson,1981764
Donald,Scott,414713
.,Bienstock,815151
John,Wigglesworth,1033744
Roxanne,Nedelcu,1097905
Christopher,Foster,1330356
Alicia,Barrientos,2169213
Michael,Gorelick,1851962
Huifei,Li,2456959
Dr. Sunitha,Jasti,596416
Randy,Stein,1124181
Sanjai,Pathak,1969275
Rosaria,Caporrimo,588089
Robert,Hicks,1056836
Christian,Lee,2371601
Annette,Paciorek,2240327
Mark,Abramov,2498540
Maxine,Fisher,294708
Steve,Malin,1613657
James,O'Neill,1691392
Joedell,Bastien,3055038
Lanny,Fields,53830
SY,Bernal,910390
Joshua,Rivenbark,1615553
Prithviraj,Guha,1404481
Evan,Wilson,2664941
Andrew,Dicus,1239564
Neil,Frary,2365084
Melinda,Altman,1950432
Jennifer,Alberghini,2099472
E.M.,Krest,369811
.,Fischtal,297813
Jessica,manser,575040
S,Fasos,1383671
Christine,Chang,2292850
Leslee,Greys,1457144
Ting,Wang,1932980
Randi,Dickson,122578
Tousi,Haki,245556
Cristianna,Colella,2333416
Gina,Minielli,2387773
Yu Ren,Dong,203729
Shu Yuan,Wu,2629683
Neil,Friedman,49662
Fred,Lawrence,390600
Salman,Ahmad,954514
Brian,Yun,1849461
Talia,Schaffer,218595
Shu Yuan,Wu,2629683
Gordon,Whatley,376985
Damian,Amblard,1183723
Karen,Klatzkin,418536
Dianne,Greenfield,2353957
Jessica,Polish,2388376
Harry,Kibirige,806468
Jim,Dimitrakopoulos,1422606
David,Siegel,1556055
Anique,Qureshi,2081516
.,Perez,347426
Teresa,O'Neill,1500153
Emily,Long,1770132
Mindi,Reich-Shapiro,434441
Lauren,Esposito,1940483
Tarry,Hum,320515
Spiros,Papadantonakis,2188522
Andres,Bernal,2284400
Juan,Caamano,553432
Alvaro,Fernandez,1393197
Rafael,Balanzo Joue,2087870
Marvin,Hoshino,209351
Barbara,Sandler,310853
Jeff,London,465096
Rabekah,Sheldon,665556
Flavio,Rizzo,226090
Stephanie,Wakefield,1417115
Wendy,Tronrud,1873237
Nan,Hartmann,2563594
Cuneyt,Akinlar,2941773
John,Carillo,358352
Clarke,Anisha,1327948
A,Mintz,884853
Tomoyuki,Yabe,413363
L,Dodson,1151988
Alice,Sardell,434390
Sushma,Teegala,1689582
Christopher,Rincon,2721485
Joanna,Coleman,2726516
Mary,Greiner,561195
Lauren,Caiaccia,968569
.,Kumar,995208
Julieanne,Guadalupe,1796064
Rebecca,Taleghani,1854963
Karen,Smaldone,1763374
Jeffrey,Allen,1190469
Jen,Kijowski,819036
Max,Kopelman,219360
Claire,Van Winkle,1811969
Andrew,Statum,1440998
Andrea,Walkden,1091363
Xiao,LI,1305075
Kathleen,Schnaars,414430
Susan,Crowe,480189
Xiaoting,Lin,1142716
Victoria,Goldenberg,2117724
Kevin,Ferguson,1435954
Zachary,Mason,2217018
Farrah,Goff,2422121
Magen,Martinez,2176505
Mikhail,Kimatov,2243897
Stephen,Nicastro,2383738
Leo,Herczog,2427395
Jacquelyn,Bracco,2467976
Jason,Nielson,1058420
Olga,Berwid,84693
Kerry,Ojakian,1312134
Chris,Milson,2044190
Ashley,Simone,1638108
M,Kabir,1206595
Irit,Bloch,1503857
Alexander,Gailing,2218486
Zhani,Joanidhi,2365144
Eric,Graig,2590380
.,Savage-Dun,251586
Arda,Nazerian,1589820
George,Fragopoulos,563052
Sol,Weintraub,204415
Alan,Brandman,80978
Jozef,Dodziuk,329606
Inas,Kelly,1451224
Claudia,Pace,1947014
Eugenia,Paulicelli,232554
Akhtar,Khan,2262332
Cong,Chen,2012828
Allan,Edmond,2567643
Jackman,George,2143824
Nicole,Cooley,294716
Eliot,Rubin,1509862
Rahul,Gairola,1961594
Dakota,Egglefield,2471013
Gloria,Harris,759679
Miguel Anibal,Perdomo,1142824
Daniel,Garces,1854033
Brooke,Arnold,1667509
Rebecca,Suzuki,2666550
Ruipeng,Xu,2880021
Keaton,Bell,2881768
Sung-Eun,Choi,1312157
Sofia,Fasos,2078277
Alexander A.,Bauer,1159652
Bette,Weidman,391704
Alina,Gharabegian,294460
Jason,Krellman,449495
Neil,Cummins,1312144
Richard,Schotter,374195
Elizabeth,Farrell,2203530
Rosemary,Twomey,2497563
Myles,McDonnell,2017782
.,Mukherjee,407534
J,Jacobs,1088307
Matthew,Chrisler,1989560
.,Banu,419757
V,Abbondandolo,1368966
Eugene,Floyd,963817
Ewa,Pawul,1945574
Thushara,Abeyweera,482615
Daniel,Gloster,1989542
J,Hand,859224
G.,Katsan,906306
Rose,Chin-Hong,2145655
Laura,Ping,2301962
Christopher,Lee,781709
Hon Ho (David),Chow,820339
Howard,Weinman,226085
.,McHugh,444077
Laura,Reznick,1214963
Bryan,Tyner,1674015
Stanley,Buchholtz,1095286
Jack,Zevin,185819
Sandi,Westfal,2150816
Duncan,Faherty,22540
Yunzhong,Shu,333836
Theodore,Kessler,432340
M.,Sipe,879899
Juan,Valdez,2013995
J,Dimitrakop,366986
Amon,Diggs,202840
Phil,Schneider,457233
Kimberly,Page-Soto,1685633
Maria,Mercado,1434123
Laura,Mauldin,1046354
Xiaomeng,Kong,2351268
Carmine,Couloute,2763019
J.,Lavender-Smith,1277409
Ella,Tracz,555408
Priscilla,Chen,2411158
Laura,Seiverling,1148099
.,Liberman,98627
Julie,Leventhal,1784306
Eduardo,Vasquez,1928303
Henry,Burnett,346307
M.,Kowalczyk,1057208
B,Smollett,1171611
Brandon,Arroyo,2492761
Anna Alicent,Dickson,2515580
Toby,Reich,2111285
Kirsten,Beck,2461413
Janice,Peritz,279826
Sarah,Birch,944666
Carolina,Artistico,1149207
Teresia,Goldberg,829606
Tatyana,Ulubabova,2218567
Gabriela,Ventura,2395308
Karen,Gouede,1981404
Miriam,Liebman,2028909
Ernest,Porchetta,2044631
Sally,Radford-Izquierdo,2095901
Mohammed,Ezzeldin,2145288
Marjana,Islam,2410158
James,Ohara,1153542
N.,Lieb,430434
Anne,Posten,1787132
Maria,Loizos,1929601
Anna,Behler,1855571
William,Muraskin,434389
Olga,Permitina,2206431
Karla,Manning,2329956
Mohammad,Miri,2474356
Scott,Larson,1617043
Joel,Lidov,190947
Jerome,Acker,543080
A,Van Doorn,1303865
Teresa,Perez,804469
Nicholas,Vlamis,2443119
Anna,Orton-Hatzis,2517290
Sima,Gerber,758466
Weldon,MacDonald,1793734
.,Pack,228516
.,Zikoudis,405286
Daniel,Gutlove,1466155
Joshua,Peck,1470366
Birunda,Chelliah,2211051
Joshua,Mukhlall,476740
Kathryn,Rodriguez-Roginski,2628692
Ray,Johnson,1539794
Alex,Ramadanis,1776354
.,Levin,468577
Ronald,Schneider,22582
Seth,Seidman,406503
Ilgin,Yorukoglu,1172659
Allison,Hirsch,1766406
Chelsea,Schields,1785487
Sin-Ying (Cassandra),Ho,945134
Nicholas.,Reynolds,2168613
Kevin,Shih,2536365
Amy,Fortunato,2583427
Edward,Talisse,2665331
Steven,Schwarz,328635
Daniel,Weinstein,1162654
Betty,Ortiz,1380600
Suleyman,Taspinar,1612847
Hyesu,Lee,2016394
Tree,Chuixiang Yi,2037260
Hugh,Dignon,153614
A,Kapse,1358024
Debbie,Horowitz,502444
Margaret,Zeuschner,601408
Stephen,Koss,1025235
Jenny,Leroy,1767457
Patricia,Pehme,2288774
Latisha,Williams,2617811
A,Mlodnicka,1237339
Heather,Zuber,1560008
Roger,Sedarat,2015669
Francisco,Penaranda,2119712
Muhammad,Kabir,2598136
James,Carpino,827849
K,Mendis,1383668
Cicely,Rodway,174736
Kathryn,Dana,1994968
E,Powers,1141338
Xinlong,Dong,2048778
Jason,Rockwell,918139
Hande,Jackson,2203547
Keum,Lee,2102820
Juergen,Reichert,2234178
Jordan,Wylie,2421627
Joel,Steinberger,2839902
Renu,Gosala,2449741
Chana,Mintz,1980399
Nikola,Baci,2850154
Jacqueline,Davis,431183
Maria,Stracke,1510810
Nicole,Amador,1334868
Livia,Woods,1639000
Miguel,Henao,2165609
Nicholas,Cross,2276350
Josephine,Barnett,2481308
James,Chow,2535536
Natalia,Prando,2545903
Alwin,Harahap,2823090
Jia-Xuan,Zhang,1519361
Tomomi,Emoto,1741955
Rajeev,Muthyala,336114
John,Lew,950233
Mariam,Chohan,1694780
H,Lam,1157674
Stephen,Steinberg,434393
Lora,Kasselman,521537
Janet,Reilly,918709
Sara,Lynch,1184352
Lisa,Vaia,1233302
Elisa,Salerni,1234418
Adesh,Bajnath,1872603
Suzy,Sureck,935384
Megan,Victor,2618467
Keith,Howard,562598
Joseph,Deleo,2274995
Allison,Douglass,2315870
Marjon,Rahyab,2529336
David,Jones,506223
Elliot,Katten,1251541
Yair,Solan,1631735
Abraham,Walker,1714659
Cuiyuan,Wang,2144939
Chialing,Tsai,2576989
Jeffrey,Halperin,201243
Serguei,Cheloukhine,1052986
Sarah,Stetson,1731125
Saskia,Hooiveld,1836946
Nina,Lelchuk,1835070
Maria,Biondi,2218385
Philip,Lewis,2269829
Anna,Malyukova,2463171
Teresa,Hazas,2441896
Marc,Helman,1261786
Corinna,Singleman,1354763
Nadia,Augustyniak,1977976
Edward,Cooper-Owens,2009464
Estrella,Rajwan,1617749
Nadav,Sabar,1671116
D.,Letzler,1321186
L,Presby,1383481
John,Ward-Horner,801644
Christopher,Leydon,1301354
Wladyslaw,Roczniak,224109
Jennifer,Ware,2005858
Edward,Knudsen,2529694
Aida,Abbasiazam,2283313
Donna,Bedasee,2452874
Fei-Wen,Pirovolikos,1583844
P.,Polgar,1163646
Ashna,Ali,2077324
Tony,Gonzales,673909
Shun-Hsiang,Shih,2645376
Vishni,Withanachchi,1261762
Okkes Ferhat,Zabun,2607408
Lindsey,Albracht,2634117
Anthony,Perri,945579
S,Turkel,1041883
Alice,Jones,1501645
Joel,Sneed,1252781
Richard,Auman,1767555
Maryann,Gallucci,2639121
Samuel,Weintraub,1865666
Robert,Fee,1866249
Wayne,Cohen,2146727
Anahi,Viladrich,2156206
Grace,Kim-Lambert,2229551
Ursula,Nigrelli,2230808
Karen,Weingarten,1312169
Antonia,Levy,501231
Pat,Spradley,956557
John,Leatherman,1251511
Harold,Gellis,439032
Kidaya,Ntoko,1587871
Juan,Rodriguez,1942790
Surya Teja,Gavva,2927686
Elissa,Myers,2164186
Jeffrey,Goldberg,2370516
Megan,Henriquez,2503925
Edward,Currie,2542334
Madison,Schindele,2722483
Seogjoo,Jang,1180690
Leslie,McCleave,1970094
Joanne,Guo,1095285
William,Rogers,384816
.,Robila,399166
Soheila,Adl,476739
C,Filangieri,1260581
Evelyn,Ramirez,1852877
Todd,Gaugler,1941997
Evelyn,Behar,1624423
Toby,Glickman,408082
Tim,Mitchell,2968584
Benjamin,Zweig,1537539
Sandra,Kennedy,2625816
Neil,Meyer,1059511
Christa,Altenstetter,98622
.,Zamudio,498363
.,Consiglio,695293
Steven,Mandelkorn,1726510
Claudia,Perry,314321
Raffaele,Timarchi,936573
M.,Gorsline,1269573
Daniel,Saldana,2050405
David,Wasserstrum,1976522
Erin,Spampinato,1767410
Eli,Joseph,2271777
Nicole,Rose,2282363
John,Waldman,475528
Royal,Brown,857846
Fiona,Lee,885286
Tiffeny,Sze,1213924
Frank,Warren,211851
Bisola,Neil,1789190
Arash,Pourebrahimi,2446860
Sandra,Lehnert,2740800
Gloria,Fisk,1526030
Francesca,Bremner,1845277
Charles,Raffaele,1974091
Robert,Fiengo,68410
M,Parrella,842983
Kimberley,Alkins,434451
Ruth,Rodriquez,1240958
S,Resch,1291961
Saisha,Grayson,1389202
Zhenhua,Cai,2421172
Natalie,Fouyer,2304237
Mary-Anne,Madeira,1934927
Jeff,McLean,529937
K,Vance,994261
Jim,Lee,351053
Nicholas,Gamso,1473881
Brandt,Reiter,1852279
Christopher,Ewing,1902653
Satadru,Sen,2056225
Tyler,Plosia,2445982
Lisa,Karakaya,1669616
Thomas,Plummer,2328981
Maral,Tajerian,2422846
Matthew,Mautarelli,2561324
David,Lopez Garcia,2561840
Priscila,Hachimine,1514600
Matthew,Greco,1689676
Elizabeth,Riina,1884993
Seongyeon,Ko,1970347
Pablo,Moraga,2085697
Cecilia,Lopez,2094708
Marvin,Milich,2131006
Nancy,Hemmes,98617
Rebecca,Traynor,1497198
Jinlin,Chen,856243
Sari,Altschuler,1102073
.,Kahn,615266
Timothy,Keogh,1161759
Ellen,Scott,1312167
Qian,Chen,1765933
Zhou,Xi,2205657
Fumiko,Indegaard,1373710
Enas,Albasiri,2546791
Fevronia,Soumakis,2602746
Yongwu,Rong,2685489
Katherine,Chase,2959538
Laurette,Tekverk,545467
Joseph,Cohen,1089771
Dening,Wu Lohez,1691327
Vishal,Vig,2038309
Deirdre,Cooper Owens,2020823
Anne,Mulford,2136618
Judith,Bernstein,633040
Alexa,Wejko,1860094
Joel,Barker,1420044
Olga,Aksakalova,458875
Alice,Kwon,1965486
Margaret,Bostwick,692125
Jessica,Buthmann,2430672
James,Tolleson,2716797
Jonah,Weinstein,3017539
Ben,Voldman,1945626
Jennifer,Eriksen,498330
Claudia,Zelevansky,1179852
Peryl,Grossman Agishtein,1262079
Ella,Teague,1301219
S,Shuster,1317819
Sarah,Danzi,361113
Maggie,Dickinson,727141
Tomo,Uehara,789431
Jacquelyn,Libby,899464
Marina,Tanasyuk,1831843
Ignacio,Montoya,1860145
Orin,Linden,1724037
Alexandra,Pritchett,2504753
Patricia,Rachal,98621
Norberto,Quiles,1978447
Isabelle,Lee,1523525
Alyson,Spurgas,1062303
Evan,Turiano,2296761
Yisun,Rho,2382438
Kelly,Embree,2382540
R.,Ackaway,942818
Greet,Van Belle,1023283
M.,Sokalska,1027381
Eve,Higby,1891273
Michael,Anzel,1310002
Danica,Savonick,1835790
Jonelle,Orridge,583556
Kristen,Hackett,2002116
Sean,Nolan,2026292
David,Frank,1761582
Amelia,Ingram,2447732
Susan,Bernstein,2599289
Jordan,Botello,2852570
W.,Woodfin,1323367
Katie,Trinovitch,1559625
F,Curcio,237384
Arthur,Cohen,817668
N.,Bodlah,1163650
SU,Huang,1335750
Danielle,Keen,2025946
JungMoon,Hyun,1966514
Vibha,Gokhale,2399752
Miryam,Segal,2660029
Michael,Stevens,2176464
Cecilia,McHugh,2305400
Sara,Hinojos,2545453
Rajbir,Singh,3054957
Meredith,Hilliard,2561712
Danielle,Abrams,439057
.,Walker,479317
HE,Huang,1053828
Patricia,Clough,1125481
K,Elan,1304374
Kathleen,Riley,1330706
John,Spear,1440868
Rachel,Simone,1513940
Marie,Dibenedetto,1902856
Grace,Loftus,1868690
Yoon,Jiyoung,2193407
Anthony,Giorno,2337492
Lilian,Marzo,2843177
Lindsey,Machicote,1411856
Eddy,Barrera,2598453
James,Cohen,2699489
Weichao,Guo,2702359
Bobbie,Kabuto,943474
Lynn,Spivak,1931135
Elan,Abrell,2019644
Daniel,Kaufman,2121758
David,Woods,506852
Franklin,Turner,1081147
Abdellah,Fekri,1242046
Soubeika,Bahri,2218095
A,Park,345676
S,Alvarez,859158
Zoe,Vangelatos,1243984
Derek,Petti,2107673
Kent,Szlauderbach,2423941
Alia,Vias,2837312
Michael,Musuraca,488302
M,Davis,1140255
L,De Aguiar-Rocha,1174706
Hermann,Haller,232556
H,Henkell,854184
Dora,Kanellopoulos,1035702
Tomonori,Nagano,764553
Brian,Rosa,1918503
Eric,Osborne,2199955
Marco,Navarro,2340432
Regine,Joseph,2148862
Idalina,Keller,2534743
Jane,Guskin,2436439
Luis Quesada,Nieto,2683180
Myra,Zarnowski,789027
Alexander,Lisyansky,2019832
Michael,Archetti,2576269
Steven,Hicks,296820
Cameron,Pearson,1235340
.,Peonides,413410
Chelsea,Wall,2110316
Luisanna,Sardu,1465823
Shawn,Rice,1531061
Steven,Rocklin,1566184
N,Hala,1364665
Thomas,Wong,2516195
Jun,Li,2636792
Ann Marie,Drury,1504010
Jorge,Ramos,1615629
YI,Tang,1864898
M. H.,Zadoian,569744
Kristina,Varade,748175
Suhua,Wei,1638353
R.,Perelmuter,983339
Hea-Young,Park,1807451
Xuan Nga,Kam,1135534
Matt,White,1231989
Julia,Iannaccone,2331219
Lindsay,Anderson,1855567
Joel,Allen,2237008
Leila,Walker,2245407
Sophie,Riemenschneider,2295888
Ethan,Goldberg,2296748
Jacqueline,Cornetta,2442671
Dwayne,Baker,2449492
Fred,Gardaphe,1180684
Daniel,Deych,1956288
Stacia,Helfand,2348984
Noah,Simmons,866712
Gregory,Digiacomo,1287271
.,Liing,403777
.,Wolfarth,406498
Gerry,Solomon,563563
Paul,Argott,1178524
Robert,O'Hara,1880320
Camila,Santos,1902843
Pablo,Tinio,1512097
Farah,Taha,1873499
Lizandra,Friedland,2271348
Alicia,Mel�ndez,2294920
Meredith,Price,2529705
Moncada - Davidson,Lilian,225280
Jimmy,Kalamaras,593282
Jason,Neilson,1092355
Brian,Abrams,1373210
Ryan,Smith,1728758
Drew,Bucilla,1773578
Rebecca,Linz,323598
Brad,Blondes,1207423
Jun,Jiang,1031442
Alan,Wallis,1447070
Victoria,Fischer,2152321
Laura,Dodson,2206915
Alexander,Lord,2348100
Amanda,Long,2820347
Ya Ching,Hung,1162649
A.,Ostrowsky,1309716
Sarah,O'Neil,1451083
Carole,Rhodes,860019
Philip,Anderson,388434
Liang,Huang,1782111
Charlie,Calvert,415900
M.,Pettigrew,940429
Daniel,Cohen,2018893
Theresa,Gurl,1162659
Allison,Meyers,2274934
Sarah,Coluccio,2300298
Xiuyi,Huang,2035578
Dauber,Nicky,2575177
Julian,Bega,2819605
James,John,503533
Tyrone,Mitchell,673642
Christa,Spreizer,993765
Jennifer,Stengel- Mohr,1095849
Michael,Nelson,1985918
Keisha,Phillips-Kong,2099117
Sue,Henderson,364123
.,Rotenberg,509997
R,Vetere,906405
Robert,Mashburn,1739658
Allison,Manfra,1515817
Amanda,Bono,1822998
Susan,Einhorn,917350
Susan,Budd,1771375
Ole,Zetterstroem,2399080
Nathan,Bernstein,2407026
Tatiana,Schwartz,2458480
Samuel,Teeple,2534526
Charles,Kelly,2556406
Gloria,Zarate,2611783
Tyler,Crown,2636499
Sophia,McGee,2006384
Bradley,Gardner,969882
Premilla,Nadasen,355142
Po Lai,Yau,937642
Elana,Mystal,1819570
Julian,Gantt,1675892
Susan,Tietje,1680309
Jason,Tougaw,757512
Scott,Cheshire,2228780
Brett,Turner,2342046
John,Flanagan,2134554
Gordon,Barnes Jr,2294301
Emily,Ripley,2507562
Emmett,Rensin,2749385
A,Genack,811726
Jeff,Greenberg,1264075
Jack,Levinson,209439
Kristen,Rost,1016797
A,Farrelly,1320783
Timothy,Johnson,1937103
Chiao,Han Lin,2076029
Johnson,Tseng,2223732
John,Zayac IV,2145258
Evangelia,Hatzisotiriou,2380505
Glendon Dale,McLachlan,1162652
Abbas,Husain,2217923
Manashe,Khaimov,2287902
Kate,Farrington,2264343
Ben,Strassfeld,2405575
Bradley,Bergey,2472889
Megan,Pindling,2651458
Veronica,Gianello,2870218
Eric,Chan,832328
Robert,Dytell,1450855
Glenn,Goldberg,1663394
Iemanja,Brown,1943185
Pearlie,Singh,1991366
Francois,Pierre-Louis,1998989
Kevin,Murphy,2459968
Imanuel,Rybakov,1413903
.,Barnett,384950
D,Zino,1185627
Liming,Luo,1936078
Tobi,Held,1452090
David,Nagy,1870719
Tenisha,McDonald,2278448
Anastasiya,Lipnevich,1532352
Shaoying,Ma,2149536
Mary,Lore,385451
Heather,Horton,2843358
Natalia,Candelo-Londono,2332185
Cody,Kalina,2721717
Justin,Espinal,2974613
Paul,Holchak,1521195
Ruth,Frisz,492080
M,Kaye-Kantrowitz,638792
John,Garassi,895357
Howard,Borenstein,1210838
William,Modeste,189133
Charlene,Agnew,2242088
Roy,Vanegas,2166286
dean,schafer,2431657
Chelsea,Col�n,2658423
Geovanni,Castillo,2660977
Muli,Shi,2676302
.,Drachlis,634053
Violet,Shalamoff,1642494
Balaka,Basu,1343709
Manuel,Rosa,1026346
Mark,Miksic,327268
.,Rho,596681
Paula,Rosenblatt,1099919
Fern Gail,Estrow,1762888
Julian,Moskovits,2485904
Alice,Scott,2335091
Aditya,Kulkarni,2444463
Katherine,Chang,2549877
Linda,Manukian,2412799
Guozhen,An,2077619
Natalya,Balnova,2102986
Anna,Chave,58213
Sho,Araiba,1680282
Rodney,Benson,2078227
R,Sedarat,1152125
E,Lin,1190471
Diana,Icaza,1554704
Sarah,Jacobs,1216944
Ana,Vidal,2227248
Verena,Bethke,2379109
Natalie,Vena,2535402
Clifford,Mak,2299992
Aida,Barbera,2445045
Michelle,Fraboni,325526
Emnet,Gammada,2014011
Theodore,Kesler,2230643
Oleksandr,Yelnykov,2294692
Christopher,Guzman,2408280
Alexia,Papigiotis,2475999
Sara,Gant,2601844
Amanda,Sweeney,2819021
Mona,Kleinberg,2919288
Steven,Kruger,345174
Vanesa,Katz,894953
Holly,Reed,1162640
Morena,Corradi,1552989
DO,Lee,1867504
Susan,Dougherty,558731
Jamie,Twaite,1504599
Andrew,Pau,888569
Lauren,Calandruccio,1352638
Jennifer,Perretti,1505402
Aliza,Schwartzblatt,2054806
Davide,Colasanto,2064199
Anna,Budd schneider,1970079
Shahriar,Ashraf,2222646
Nicholas,Levis,2514598
Daniel,Evan,1525657
Kate,Reece,1680305
Eva,Rappaport,1548864
George,Dietz,1600601
Haruhiko,Fujiwara,1740832
Barbara,Frary,2186872
Michael,Druffel,2182305
Jesse,Willard,1439618
Jiyoung,Kim,2256775
Alysha,Rafeeq,2378918
Idan,Liav,2536167
Line,Augustin,1150212
Agnieszka,Mlodnicka,1950565
Hilarie,Ashton,2002246
Susan,Rotenberg,2060366
Maxwell,Shapiro,1613602
Coleen,Cool,661860
Elisabeth,Tiso,1320889
Sami,Chetrit,1380379
Jennifer,Stewart,1955952
Yates,Mckee,1937646
George,Tsimis,2249066
.,Saxman,553474
Melody,Berkovits,1251399
Michelle,Saliba,1441845
Henry,Ruiz,1504592
Lauren,Manganiello,2290191
Amelia,Marini,1747432
Kok-Teng,Lee,2106220
Maya,Madzharova,1670380
William,Protash,426970
Md,Uddin,2277093
Andre,Eliatamby,2341273
Michelle,Soule,2513727
Kaung Myat Zach,San,2227858
Sayashmini,Madhow,2438657
Wang,Tao,2529728
Rosanne,Gangi-Gaertner,1599536
Myrthil,Raymond,1879735
Tao,Sun,2701815
Sharon,Himmanen,1095440
Valerie,Morris,1650256
Jason,Ciaccio,1093496
Jeffrey,Motter,1978872
Michelle,Yee,1507314
Lindawati,Hermawan,1991715
Stefano,Morello,2166893
Jared,Hayley,2166814
Sara,Alvarez,2417957
Sujatha,Fernandes,894149
Christopher,Esposito,2151370
Lindsay,Morgan,2383169
Michael,Perrone,2565005
Eric,Wilson,2598492
Selma,Skrijelj,2677612
Mary,Zamudio-Aufenanger,1930513
BO,MA,1511515
P.,Paolo,1062348
D,Saric,974308
Carlos,De Cuba,2108322
Donald,Pirone,1009068
R,Riggs,1163328
Gina,Fini,1437481
Genevieve,Waite,1817439
Cristina,Gabriele,2625470
Elsa,Rosario,2328043
Daniel,Yakubov,2389797
Nicola,Lucchi,2495600
Onur,Ayaz,2547577
Lisa,Bajor,2574266
Laura,Liendo,2588539
Chen,Tiferet-Dweck,2632965
Elisabetta,Zarcone,2767718
R,Hoover,917973
Jerome,Wynter,2870733
Giulia,Po,391717
Wendy,Powers,997262
Greggory,Omullan,1216892
Cesar,Castillo,1413499
Scott,Soares,1938953
Marcos,Tejeda,1185434
Benjamin,Sammons,1503381
Lina,Gilic,1630317
Olalekan,Afolabi,1968832
Sinem,Buber,1312143
Mona,Ali,2102695
Michael,Alpiner,1341797
Nathaniel,Kessar,2099565
Robin,Harper,963222
B,Fenig,1365593
Tarlika,Desai,2196466
Gopal,Subramaniam,608299
Kathleen,Sherwin,2381541
Jennifer,Eddy,441213
Uri,Samuni,1156752
Emily,Wilbourne,1312166
Mary,Burnham,1935543
Sophia,Sunseri,2096749
Christopher,Parisano,2107759
Daniel,Pisari,2652302
M,Blenman-Roane,1087438
Ashley,Chinnan,2380694
.,Wheeler,508067
G,Koeppl,1216947
Teresa,Fredericks,1297610
Adina,Bitton,1658342
Katherine,Hawkland,1852569
Gordon,Fleetwood,1949139
Bradley,Hall,1836650
Maurice,Peress,306695
Mary,Bushnell,188417
Emily,Waters,1524161
Brian,Lewis,1333668
Brooke,Calder,1790109
Namseok,Yong,2265811
Judith,Benchimol,2167150
Stacia,Hefland,2326757
David,Osborn,2568652
Shana,Samuel,2608028
Mia,Brett,2618462
S,Ahmed,762424
Aldean,Beaumont,1589952
Eduardo,Recinos Vasquez,2105486
Geraldine,Faivre,2495557
Jonathan,Wynn,210876
X,Shi,762422
C,Atkins,1151346
Kevin,Werkheiser,905665
Carina,Bauman,2190122
Patricia,Miner,1938737
Alexander,Davis,2419593
Judy,Sund,1251784
Paul,Riker,923196
Michael,Lacy,1969134
Dennis,Shirshikov,2435746
Raymond,Capra,2530398
Sydne,Mccluskey,2385942
Antonia,Cucchiara,2618460
Vivian,Chu,2716799
Sara M,Marcus,917738
Bill,Krause,1017199
Roya,Pedram,882131
Alexander,Ruck,1063068
Jennifer,Polish,2041989
Thomas,Moody,2072481
Farah,Goheer,2109300
Jinqiu,Liu,2343176
Andy,Rojas,2398588
Sydnee,Wagner,2067206
Francesca,Hyatt,2666549
Lori,Love,2295439
Lucille,DiMola,2329964
Marcela,Ossa Parra,2504645
Jennifer,Brown,2317842
Robert,Wrigley,2997506
Wei,Simi,1516991
LI,MA,1723802
Laura,Villa,1905867
Alfredo,Spagna,2108059
Burton,Zwiebach,326353
Debra,Wanner,592556
Alain,Bourdeau De Fontenay,850998
John,Pilsner,858701
Nicole,Neil,1768713
Joshua,Brumberg,167676
Brendan,Herlihy,1086606
Karen,Willis,1193820
Frances,Tran,1611173
Jacob,Mackey,1856869
Ira,Yenko,1872679
Myra,Wright,1928790
Nicole,Segal,2294665
John,Wagner,2231563
George,Maroules,2382852
Kristen,Racaniello,2465760
Carey,Wells,2640516
Laurin,Larian,2670794
Michael,Riccardo,2683506
Matthew,Bradbury,2717836
Matthew,Roland,2805370
I,Benmor,937412
Leonard,Presby,1971114
.,Vago,191122
Jennifer,Hodgson,1628043
Elizabeth,Decker,1791902
Courtney,Ritter,1787065
Iris,Cushing,2080604
Misty,Crooks,2181156
Justin,Coleman,2393165
Labanya,Unni,2319702
Rebecca,Leopold,2371803
Joanna,Lutchman,2800249
Henry,Shum,2265308
Jennifer,Kourassanis,2313055
Rafael,Sanchez,2358899
Anne,Spice,2013234
Michael,Shelichach,2450247
Joseph,Calamari,2396148
Caleb,Fridell,2398751
Allen,Deur,2615447
Xinying,Wang,2632968
Sharmishtha,Chowdhury,2654514
Desmond,Flynn,2838676
Wei,Wang,573063
R.,Figelman,867193
Aaron,Ho,1023718
Anne,Dilts,1744769
Lauren,Reganato,1876802
Catherine,Cox,1923313
Douglas,Rushkoff,2041732
Mary,Faller,2379186
Catherine,Cox-Evans,2124095
Ala,Alryyes,2146277
Elaan,Lukasiewicz,2219659
Angela,Renz,2500248
Shahrina,Chowdhury,1254138
Craig,Milo,277457
.,Xiong,829917
Christian,Sakai,2286217
Michael,MacChiarola,1312138
Ruth,Rodriguez,1874912
Julia,Brodsky,1936467
Edward,Ilyasov,2339631
Kalina,Gjicali,2090777
Vivian,Ho,1742730
B.,Friend,977616
Shelley,Buchbinder,2070118
Bruce,Saylor,213817
J,Delacruz,1259839
Padmini,Biswas,2821218
Margot,Kotler,2355404
Jasmin,Alim,2443105
Tabashshum,Islam,2520607
Shaila,Ahmed,2531792
Raymond,Capra Jr.,2550367
Annalise,Caviasco,2586621
Joseph,Lawrence,2602130
Russell,Gomes,2913678
Andrea,Mosenson,120492
Sian,Silyn Roberts,1198783
Tyler,Tseng,1597063
Else,Fjerdingstad,1116095
Gunnar,Yanez,1988730
Ellen,Cleghorne,2189472
Aimee,Genell,798510
P,Gill,1153690
Jesse,Moretti,2019095
Himanshu,Khanna,1808462
Yale,Weiss,2187066
Coby,Klein,1876903
Ron,Hayduk,1495298
Lauren,Mahoney,2913020
Dustin,Grella,2178529
Antonino,Bonanno,2231210
Sherry,Baron,2304632
Mary,Ryan,2417260
Lois,Harris,2494320
Rosalia,Conoscenti,2537185
Brittany,Suh,2578977
Malika,Ziyamova,2604149
Olivia,Padelukas,2656240
Rui,Sun,2719876
Michael,Wolf-Sonkin,2927332
Sara,Woolf,1091336
Mitchell,Shur,1694060
Tommy,WU,1712246
Angelo,Liberta,2074646
Helen,Burnham,977775
Nicholaos,Fokas,1083384
B,Ludwig,1359704
Sarah,Pearlberg,1938330
Julie,Colis,1548687
Karen,Lepri,1854351
J,Boyd,1133969
Nicole,Davidson,1694979
Matthew,Crain,2190444
Brian,Aguilar,2411288
Yizhi,Jiang,2422387
Tanuja,Kulkarni,2399239
T,De Soyza,1194716
Jonathan,Ament,2198021
Nadia,Madacsi,2241059
Cassandra,Imperato,2329538
Syeda,Hadi,2369897
Stephen,Arnott,2560938
Cody,Piotrowski,2273985
Danne,Woo,2093112
Annie,Won,2106232
Thomas,Surprenant,800801
Zheng,Liu,806863
Nathan,Fong,1634300
Ping,Li,994467
Jacqulin,Skiles,1075273
Karen,Weiser,1782760
Kristin,Moriah,1876758
Jesse,Seligson,1903771
Mabel,Gonzalez,1853895
Emily,Santoro,1152761
Chao,Chen,2084155
David,Schober,509070
David,Schober,509070
Rocio,Rana,619891
Daisuke,Akiba,2204734
Matthew,Huenerfauth,927585
Cecilia,Navarra,980896
Jennifer,Abeles,1050591
Emily,Zhao,1205228
Micheal,Miller,1337138
Andrew,Green,1908363
Gillian,Stewart,1722370
Jeffrey,Farber,2277480
Derek,Hanson,2190488
Pam,Gershon,1530928
Marina,Colajanni,2265955
Md,Uddin,2476413
Daniella,Dimaggio,2697644
Alev,Yildirim,1907898
Amelia,Marzec,2019196
Mariana,Zinni,2022441
Susan,Heitker,1177189
Hemant,Kumar,1273682
Renu,Bahgat,1339967
Erynn,Casanova,662308
Roy,Bautista,857762
R,Yadav,1347520
Abigail,Ballou,1619389
Matthew Aaron,Owen,1646765
Gillian,Lipton,1925440
Paulina,Colon,2009315
David,Campmier,2346857
Thomas,Mintz,1207425
Jenny,Porter,1993139
Zhanguo,Jin,2091855
Stephen,Boatright,1961561
You,Sun,2475579
Sylvie,Vitaglione,2295716
Mazharul,Mahe,2960030
Sehar,Shah,2167900
Rosanne,Ebner,2213124
Scott,Ahroni,2241878
Tracy,Hazas,2469980
Marie,Keem,1868764
Alana,Salcer,1888647
Changhe,Yuan,2021155
Georgie,Humphries,2804334
Aliza,Sandalon,1667330
Cambridge,Lynch,1725937
Melissa-Ann,MacKie,1903624
Franklin,Cason,1291175
Jennifer,Almaktari,1406134
I,Makdulina,1376731
Margaret,Reinlieb,1665374
Eleni,Natsiopoulou,1731200
Wesley,Sutton,1727825
Brenda,Biddle,1982059
Carolyn,Yao,2478685
Daiki,Okamoto,2188775
Faye,Rigogiannis,2331088
Jake,Nill,2625954
Gregory,Sholette,1344140
Jamie,McCallum,563807
Jorge,Velez,2862513
Barbara,Walters,2278964
Dex-Ann,Brown-Grant,2416668
Robin,Mork,2560062
Diedre,Flowers,2623120
Souad,Bouhayat,2628446
Joshua,Barnes,2669000
Patrick,Moran,2725598
Alexander,Kwon,2761716
Lucy,Torres,2842482
Amanda,Feltz,2890984
Erdem,Ozkan,2912151
Nicole,Lorenzetti,1869545
.,Palumbo,759749
Nazik,Dinctopal-Deniz,1584132
Rachel,List,886419
Ambika,Samarthya,1652086
D.,Crespo,1403959
R.,Lankalipalli,863082
Michele,Amoroso,1116301
Jonah,Mitropoulos,1530012
Jennifer,Bunkley,2089197
Sergio,Almeida,2308502
John,Seley,434391
Marija,Perunovic,2290577
Emily,Tenzer-Santoro,1151344
George,Giannopoulos,2235414
Yunchun,Hu,1139249
Mary,Aufenanger,2354583
Briallen,Hopper,2427996
Chandni,Tariq,2452220
Elizabeth,Baker,2474837
Frank,Feeley,2531307
Eunmee,Yoon,2660549
Michele,De Goeas-Malone,1061892
Domenico,Romero,1089433
John,Ament,1814278
Belinda,Lett,429038
.,Feilds,486357
Catarina,Piere,528971
Jane,Lindamood,949733
Hyoun,Ahn,1010229
Josiah,Sugarman,1836810
Cecilia,Salvi,1876800
S,Rambaran,1197990
Miriam,Pardo,806194
Veralas,Antonios,604931
Caley,Johnson,1465824
Melanie,Camurati,1836474
Guillermo,Ibarrola Recalde,2120676
Annette,Bergen,1577239
Fabian,Berenbaum,480188
Todd,Brown,2307961
Shira,Russell-Giller,2491224
Afsaneh,Tousi-Hakimian,2507311
Talha,Issevenler,2511566
Max,Shmookler,2598276
A.,Wan,977605
Catherine,Cordeiro,2226810
Yan,Yan,2953926
Julia,Sorrentino,2972332
Nicole,Wallenbrock,1041063
Andrea,DeFelice,1972836
Michael,Dellova,2073763
Lionel,Chan,2619534
Yosefa,Ehrlich,1992119
Peter,Bratsis,225054
Charles,Turner,448667
M.,Karlsson,919775
Marta,Perez,1097452
Hoeteck,Wee,1162650
David,Adler,1625770
Melissa,Bobe,1555571
Hania,Gillani,2062127
Anita,Pinzi,1025861
Sian,Roberts,1226700
George O.,Rabanca,1449890
Jennifer,Coplin,1586231
Joanne,Broome,2166225
Scott,Ferrara,2731766
Ferzileta,Gjika,1857324
Andrew,Ostrowsky,2327370
Kristen,Berger,2469810
Lucas,Ashby,2666870
Mathew,Romero,2804614
Erik,Stowers,2926688
Jun,Yoo,2913578
Barbara,Lane,364549
Pamela,Degotardi,1081120
Paula,Klugman,1191435
C.,Monroe,1403961
Thiruvarangan,Mahendran,2105229
Nicole,Zeftel,1507940
Lauren,Bailey,1964683
Michael,Miller,2190864
Vadim,Acosta,1943490
Abraham,Aharonoff,2138683
Bertrand,Metton,2211521
Wafaa,Elmanasir,2588674
Theresa,Crupi,2351147
Vivian,Kong,2195992
Eugene,Slepov,2528474
Allison,Pulizzi,2392421
Olga,Vladova,2466344
Victoria,Fairchild,2542513
Aksana,Pisetskaya,2633556
Katrina,Ross,2869932
Sophie,Barno,2906141
Nirvani,Persaud,2939846
Patricia,Cooper,1903385
Peter,Heap,2434889
Matilde,Fogliani,1904171
Delaram,Kahrobaei,2870283
.,Weinstein,583335
Tonya,Foster,1511725
Rena,Weiner,1556324
Cynthia,Lashley,1162658
James,Muyskens,890848
Andrew,Beveridge,352937
Susan,Hess,776886
G.,Moriarty,1159087
K,O'Brien,1162683
M,Liotta,1370193
Mark,Tagliaferri,1512713
Colleen,Cusick,1544729
Rose,Hurley,2028024
Natalia,Candelo,2083687
Noman,Ali Khan,465700
William,Orchard,1916582
Michael,Krasner,1739100
Finian,Devanny,2892159
Meriem,Aissa,2934453
erin,lilli,2222507
Madeleine,Ehrlich,2442866
Elivia,Bovenzi,2453696
Salazar,Monarrez,2536542
Faiyaz Syed,Jafri Jr.,2565176
Rani,Srinivasan,2674247
Hope,Komal,2743918
Jeenia,Zaki,2768478
Diane,Riskedahl,2840356
Jessica,Tobar,2840976
Andre,Bregegere,1621095
Matthew,Thurber,1649721
Dragana,Micic,2635290
Ellen,Sherman,555038
David,Gutlove,609371
Professor,Didamo,1639063
Madhuri,Karak,1640867
S.,Graber,972951
Shirley,Carrie-Hartman,986592
Oshika,Whittaker,1251869
Mary,Foote,938574
Monica,Wagner,931906
Marc,Tollis,1232382
Elvira,Basevich,1876753
Ian,Wallace,2146004
Paulo,Rodrigues Ferreira,2264128
Natalie,Leger,2019230
Michelle,Cassano-Repole,2293331
Faraaz,Motiwala,2377687
Marina,Vlahaki,2041899
Ala,Fink,2514924
Jason,Botvinick,2575079
Shemon,Salam,2000505
Saundra,Colon,1419971
Bryan,Cooper-Owens,2002621
Abderrahim,Chouaib,2227999
Shuheng,Wu,2312537
Elliot,Cowan,2342404
Monique,Herard,2345444
Concettina,Pagano,2471024
Mitchell,Wood,2476796
SungHee,Kim,2523565
Mikell,Bursky,2701863
Jangwon,Suh,2829836
Eric,Rosano,2861879
Kristena,Newman,2056283
Nuria,Rodriguez-Planas,2068439
Maria,Milan,2086488
S.,Hayes,839835
Alia,Raza,1990477
Anil,Chacko,1162646
Robert,Baker,1391752
Monique,Pimontel,1723622
Maria,Lindo,2126493
Kate,Menken,986588
Michelle,Culang,1196759
Maria,Oster,1511544
Isabela,Carvalho Macedo,2192524
Jure,Anzulovic,1718952
Sung,Chiu,2372699
Sergei,Antonov,1937108
Qiang,Zeng,2412247
Basir,McHawi,1626398
B.,Ranjitkumar,949090
Niki,Mirabella,2278069
Andrew,Aprile,2382876
Jennifer,Arougheti,2444895
Archil,Dvalishvili,2452158
Weiheng,Sun,2460505
Riley,Kellogg,2494856
Andleeb,Tanvir,2526133
David,Galler,2527763
Sukyoung,Kim,2649572
Guoxiang Emma,Hu,2658943
Katarzyna,Zajac,2702524
Mathew,Rubin,2795005
Keiko,Miyajima,2432730
Thao,Bui,2962327
Aziz,Elmrini,369982
Nicholas,Palmisano,1510205
Jonathan,Gryak,2869802
Danielle,Schwetz,2966713
.,Kleinmann,397164
Sana,Khan,1303241
Shelley,Warwick,164076
Yidong,Liu,476737
Maria,Romero,1091966
Zhendong,Zhao,1810670
Livia,San Andres,2014000
Dirk,Witteveen,1827991
Michael,Lipsey,213813
LuAnn,Lupia,2329604
Benjamin,Santiago,2556770
Etienne,Kouakou,2445828
Juan,Tineo,2488477
Mari,Fujimoto,2249746
Bekime,Guerrero,2941399
Karen,Henson,2329008
Jiyoung,Choi,2346435
Sai Ying,Ng,2420770
Chat,Travieso,2423880
Danielle,Russo,2511296
Kristy,Caldwell,2578194
Luis,Quesada,2603501
Serinity,Young,2610806
Hongwei,Xu,2619010
Karen,Zaino,2668456
Sarah,Elghazoly,2697893
Warren,Woodfin,2699855
Shathani,Rampa,2819513
Veronica,Kordmany,2834332
Joseph,Hirsh,1102207
Katherine,Huang,1660467
Ian,Fish,1579241
David,Gagne,718441
Paul,Kaplan,1511562
Lukasz,Chelminski,1691397
Ezgi,Canpolat,1743061
Alyssa,MacKenzie,1743260
Takuya,Hasebe,1774813
Leonard,Rodberg,1092679
Efstathia,Korkou,1802069
Michael,Klein,1073701
Kevin,Sanford,1312140
Eric,MacCabi,1449051
Laura,Hackimer,1749695
Nicholas,Williams,2197648
Juraj,Anzulovic,2301819
Paola,Primavori,2348148
Krystyna,Zamorska,2075237
Emine,Unluonen,2420548
Leonard,Storch,2301192
Karine,Vorperian-Grillo,1629075
Eunjeong,Lee,2408281
Lauren,Ciuffo,2456522
Inshan,Hassan,2516599
Dina,Weiss,2645264
Ria,Galang,2769043
Paizis,Andrew,1716137
Akthar,Khan,1934866
Rajiv,Singh,2887649
Alia,Lesnek,2674470
Hubert,Howe,213812
Diana,Meckley,1529233
Yevgeniy,Lushtak,1532665
Nicole,Feirsen,1776414
N.,Scheindlin,1226597
Angela,Parrino,2297825
Mike,Bednarski,914145
Heng,Ji,1162651
Edlira,Yzeiraj,1172288
Nathacia,Lucena-Ribeiro,2411175
Marta,Kowalczyk,2337808
Ridda,Sheikh,2430085
Nikoloz,Namoradze,2192849
Debra,Borenstein,2381229
Namhee,Han,2550960
Eleni,Syrett,2824423
Saira,Chaudhry,2861837
Matthew,Romero,2879841
Tracy,Riley,2981178
Robert,Flaucher,2601286
Anne,Stone,503531
Daniel,Inouye,1573077
Colin,Grubel,1588393
Theodoris,Theoharis,1074741
Jessica,Peck,1803355
Wendy,Wang,1162628
Tiberio,Snaidero,1867968
Marcia,Smith,1269077
Jin,Wang,1299177
Samuel,Cain,2109401
Aneesa,Hussain,1065994
Robert,Neuweiler,2126049
Neal,Ben-Dayan,664205
David,Rodriguez-Solas,1215444
S,Saini,1250487
Mirela,Cengher,1922624
Kamal,Soleimani,2235476
Harsangeet,Gill,2223399
Elizabeth,Peters,2289624
Shao,Qin,2441822
Lawrence,Behmer,2268185
Jan,Haldipur,1691827
Hao,Xing,3028944
Elena,Luongo,2326480
Devry,Mourra,2373032
Jonathan,Camara,2449188
Laura,Klein,2473575
Ariel,Zucker,2519131
Ria,Bissoon,2558386
Sophie,Wu,2588548
Kenneth,Heaslip,2859471
Tony,Lynch,1240718
Nil,Patel,2816542
Nicholas,Hemming,1716607
Arden,Collier,1259625
Jacqui,Malone,215514
Nancy,Comley,400187
Ihsin,Phillips,769088
Pariskeh,Hosseini,1865280
J,Rice,1190473
Viviane,Verstandig,1387716
Zinviy,Akkerman,1905806
Kaisa,Ercillo,1924299
Vilma,Greene,2107969
Jarrett,Earnest,1625998
T,Karlsen,812291
Brian,Lowy,998821
Jeremy,March,1787546
Marleen,Kerson,2294922
Flora,de Tournay,2815639
Marguerite,Atterbury,2299238
Angel,Montero,2265442
Adele,Broges,2374087
Michael,Thaler,2395806
Ryan,Shinn,2589682
Sechong,Kim,2635080
Yafang,Zhao,2567613
Fei,Zhai,2874913
Ruth,Jacobs,1684778
Ashley,Davis,1966881
Michael,Cohen,2021906
Tyler,Peckenpaugh,1536625
Sayfiddin,Shapoatov,1585850
Joanna,Mansbridge,993006
Karyn,Collie,1014967
Michael,Way,1086921
Alejandro,Alonso,1104939
Bann,Tan,1115342
Susan,Chi,1857444
Z,Topaloglu,1253269
N,Gavrilova,1346849
Nathan,Hemmings,1680219
Christian,Serrano-Madsen,2001625
Arnau Dot,Sayos,1871812
Robert,Bittman,218202
Liza,Verdeflor,219358
C,Ryan,1120627
A,Tonyan,1197880
Elena,Staikova,1258718
Lixu,LI,1287094
A,Henning,1310546
David,Firester,1838419
Patrick,Smyth,1856113
Ron,Torok,2324431
Valentina,Nikulina,1930658
Sandy,Placido,2615932
Yao,Chu,2788352
Alexis,Brewer,2235559
Mihaela,Robila,2465362
Igor,Pustovoit,2466065
Barbra,Masters,2491803
John,Lee,2498298
Nevair,Oranjian,2571413
Gabriel,Feldmar,2702141
Juan,Toro,2819606
Michael,Hickerson,991064
Johnathan,Gryak,2886485
Eleonora,Gianti,2956400
Philip,Chu,1452587
Alpana,Battacharya,626230
Omar,Ayed,852623
J.,Wang,855014
David,Iasevoli,921825
Saygun,Gokariksel,1643012
YE,Jin,1689666
Yaacov,Kopeliovich,1810990
A.,Harper,1293443
Laura,Ciano,1733150
Andrew,Dillon,510697
P,Makkar,943199
Dan,Wuebben,1151294
Roy,Lau,1626624
Daniela,D'Eugenio,2067453
Georgios,Koimisis,2215561
Belinda,Amoako,1974875
Amanda,Komsky,2400206
Katie,Festa,2164204
Yu,Chen,2446617
Mason,Youngblood,2374552
Cecilia,RuizLopez,2062752
Amy,Berman,2213157
James,Mellone,921268
Anoop,Balachandra,2491474
Silas,Howard,1505265
Huyi,HU,1312132
Richard,Killeany,2264827
Michail,Fazylov,2459451
Tianyu,Bo,2565364
Daria,Tolstikova,2609629
Yagmur,Sag-Parvardeh,2617409
Robert,Roday,2722177
Justine,Lyons,2726496
Silvia,Angles,2759654
Cheryl,Leone,2971211
Dara,Laczniak,2988097
Costa,Constantinedes,1691222
Eve,Bernstein,2107060
Allison,Charny,2263374
Ilker,Hepkaner,2295567
James,O'hara,2554173
Jiacheng,Guo,2809632
Wendy,Moran,1447480
Francis,Scott Walters,822051
Rebecca,Curinga,1541059
Kimberly,Reyes-Giordano,1683098
X.,Kam Cao,1360419
L,Dibianco,1390880
Barbara,Novick,2331593
A.,Cenerelli,1172053
J,Hymes,1357089
Sara,Babyatsky,1476112
MacIej,Domaradzki,1830994
Ashu,Kapoor,1836648
Clara,Vila Castelar,1875717
Amelia,Greene,1874050
Samuel,Rose,2050643
Arun,Kundnani,2023224
Franklin,Lee,1750411
Ye,Yang,2353551
M,Einstien,1157673
Adolfas,Lapsys,2272324
Christopher,Darling,1728759
Richard,Vetere,2300007
Bin,Huang,2408295
Alicia,Park,2444285
Eunbi,Lee,2602874
Christine,Ginalis,2630958
Tracy,Billado,2678708
Yutong,Han,2852433
Jeremy,Kane,2859201
Eliyahu,Tzadok,2941632
Lori,Perelmuter,2096679
Lucia,Cedeira Serantes,2105407
Sara,Lifshitz,3040931
Paul,Decurtis,426302
Kathy,Killoran,628996
Marjorie,Hendler,856019
Carol,Simon,1015525
Alice,Listi,1150506
A,Harish,1184353
Tehila,Eliam-Stock,1695408
S.,Kondryuk,927487
Paul,Matteson,1107738
Edmund,O'Neill,1277872
Ann Marie,Lindsey,1338393
Olga,Allayev,1327502
Marc,Farrior,1719418
Walter,Valero,1794391
Stephen,Bartolomei,2295044
Alexander,Radison II,2264315
Tao,Wu,2107723
Jun,Choi,2308352
Mara,Steinberg Lowe,2690848
Isabelle,Avildsen,2382242
Francine,Shahbaz,2451266
Tuomas,Korpijaakko,2466607
Kuhokee,Das,2508957
Alexandra,Meric,2540733
Talya,Wolf,2602549
Chia-Chien,Chen,2614271
Amal,El-Rowmeim,2957222
So,Takei,2096738
Kathryn,Weinstein,2682571
Jeanette,Cherno,1684079
Ari,Gross,430635
A,Gronowicz,596659
.,Nathanson,627311
Sharon,Katcher,858547
Karen,Smith,892914
Joseph,Mills,1229734
A,Melendez,930894
Elizabeth,Foley,1632560
Megan,Dunn Davison,2052090
Dana,Davis,1479941
M,Briks,1087992
Martha,Albala,1215441
Hisseine,Faradj,636761
Aleksey,Dumer,965800
Giorio,Galbussera,1087496
Aracelis,Girmay,1231817
C.,MacDonald,1319663
Parbatee,Jagassar,1885667
Bryan,Rosenberg,1907178
Jihae,Chai,2105837
Azaadeh,Goharzad,2218240
Louis,Moreno,2194807
Elizabeth,Sayles,2020431
Nathaniel,Finkelstein,2420507
Vladimir,Tkatchouk,418815
Saba,Riazi,2463138
Chenay,Williams,2417839
James,McElwaine,1973828
Abeer,Mohamed,2973137
Robert,Vago,2206105
Shaun,Lin,2212789
Gabriella,Robinson,2502875
Elisabeth,Louis-Marijanski,2523375
Laura,Lombardi,2602639
Claudia,Cali,2659719
Pere,Nogues Martin,2703223
Nicole,Cote,2731909
Rachel,Stern-Lockerman,2819718
Jennifer,Sloan,1572575
Hannia,Gillani,2128009
Dorina,Klimi,1512361
Dorina,Klimi,1512361
C,Herskowitz,1575093
Ben,Alexander,1694727
Kristina,Huang,1970357
Yen,Feng,1334205
Anthony,Galluzzo,1860738
Edwige,Lauture,1926583
Eryk,Wdowiak,2230939
Lankalapalli  Ravi,Shankar,583408
Emily,Georgiades,1917378
John,Liu,2237936
Brenden,Cooper,2350624
Pawel,Szurnicki,1294618
Bryan,Chan,1409026
Erica,Meltzer,1477858
Rubin,Eliot,1740178
Joseph,Bowling,1902082
Tyler,Rivenbark,2049524
Frances,Forrest,2129820
Chae Eun,Lee,2329156
patricia,wu,2337475
Ka,Leung,2464761
Mark,Hans,2519882
Xudong,Zhang,2410547
Daniel,Winarick,2217074
Emily,Long Olsen,2214590
Georgia,Belesis,2161212
Beverly,Sanders,2327507
Mike,Kimatov,2448389
Shalima,Wellington,2576482
Iordan,Konarski,2606904
Judah,Rubin,2704631
Taruna,Sadhoo,2705416
Kara,Pernicano,2708396
Jeanpaul,Salinas,2715340
Joshua,Abrams,2728736
Melanie,Kacin,2816421
Stefan,Pitschner,2832316
Andreas,Haralambou,2871546
Robert,Cleary,2871733
Jiacheng,Guo,2887374
Maritza,Meyers,2935242
Nora,Griffin,3006860
Erica,Caraway,815780
Rowena,LI,1533891
Lauren,Heffernan,2127554
Yunyun,Lin,2605426
John,Obrien,584232
Timothy,Peterson,1571624
K,McBride,1151990
A,Gerstman,1361128
Sal,Micelli,1397603
Paul,Haulchak,1440232
Monica,Montana,2146167
Kamal,Soleimani,2220998
Tanya,Smith,1147781
Kimmy,Szeto,1259841
Jonathan,Karpinos,1631190
James,Clark,1835205
David,Jofat,2202154
Perlie,Singh,1938359
Kevin,Guzzo,1822237
Claire,Aranow,998297
Carolyn,Pytte,1971827
Alain,Cloarec,2459170
Marlen,Alamo,2280514
Shoshana,Reich,2387684
Michael Avraham,Mahgerefteh,2106260
Madeleine,Saraceni,2294573
ShinJoung,Yeo,2689461
Sophie,O'Manique,2209857
Ryan,Wilson,2237411
Timothy,Benseman,2329986
Henry,Gold,2449245
Aaron,Gurwitz,2524020
Katya,Rozanova,2540137
Amy,Herzog,2589218
Evan,Freeman,2601907
Jihee,Choi,2603165
Kennly,Weerasinghe,2649682
Jessica,Cannon,2689301
Anna,Dinwoodie,2717315
Tracy,Shen,2753724
Nathaniel,Lieb,2756766
Gaslin,Osias,2913235
Christopher,Carpenter,2913746
Aliza,Ashraf,2926433
Salvatore,Brienza,1681890
Krystina,Francois,3032452
Erin,Berja,3043300
Rory,Pelsue,2526120
Jon,Santucci\t,2961436
.,Freeman,414708
Danielle,Guttman,1480713
Jinwon,Kim,1579660
Naomi,Novak,1621071
William,McNally,1691345
Sofia,Shank,1794886
Henry,Wang,1825755
K,Riedl,1149710
Miguel,Martinez,1297571
Dan,Hauptvogel,2004383
Emily,Lin,1920187
Sebastian,santamaria,2214187
Taji,Elmor,347009
M,Steinke,1151341
Leetal,Rivlin,1246555
Danny,Tam,1357005
Kiyoung,Song,2186466
Alexander,Cigale,2150540
Christian,Ovalle,2440588
Tristen,Aguilar,2414979
Matthew,Keil,2310433
Jeehyun,Kim,2427916
Kaitlin,Carson,2399018
Joseph,Sungolowsky,1294724
Nikolas,Carneglia-Lupola,2867915
Ali,Syed,1378030
Alexandra,Tadros,2977873
Emily,Price,2598013
Alam,Miah,2599321
Beiyi,Hu,2600119
Ann,Stoeth,2617809
Movses,Pogosyan,2626796
Mark,Anson-Cartwright,2668906
Pranitha,Premnath,2780507
Xinmiao,Xu,2817176
Jason,Altman,2961632
Elena,Mancini,1874797
Cheng,Luo,2107453
Natanya,Duncan,2944643
Genesis,Izquierdo,2989294
Lee,Bisland,789025
Erin,Gale,1840297
Smitha,Kakkuzhi,1147562
Hui,Liu,1944956
Leo,Kamp,1300944
Shige,Song,1312152
Jeffrey,Wells,1967147
Joshua,Freeman,1933898
Saima,Husaini,857496
Alfonso,Castillo,1117358
Justyna,Zynda,1472424
Sean,Grattan,1485658
Golnoush,Golshan,1775687
Ellen,Guigelaar,2001615
Joseph,Czick,2038460
Jacqueline,Shay,2045311
Ben,Gerlofs,2149231
Pete,Calandra,2262865
Se Jung,Yim,2255227
M,Maharawal,1306282
R,Siegfried,1232096
Bruce,Bernstein,2490692
Deepakie,Sodhi,2420016
Atara,Wertenthiel,2224894
Di,Wu,2291225
Geohaira,Sosa,2598101
Iliana,Alc�ntar,1312168
Kaitlin,Walsh,2298672
Uchenna,Nduka,2297234
Aishwarya,Bhattacharjee,2306886
Amanda,Kenepp,2712837
Daniel,Hwang,2892777
Ken,Silverman,2926155
Isabel Maria,Sena,1399016
Sharon,Jackson,2496385
Robert,Habig,2675021
Kimberly,Ranchor,2690051
Aaron,Malinoski,2718156
Priyanka,Alluri,2804241
Eleni,Angelou,2868539
Ryoji,Mizutani,2908821
Kahtan,Alsaedi,2932255
Jay,Kinsbruner,223771
Marcia,Bayne-Smith,434394
Adam,Resnick,1669682
Vaslliki,Velliou,1790639
Martin,Pine,1397605
Mathew,Chrisler,2055223
Loretta,Hadjioannou,2201977
M,Pereira,976818
Michael,Brenes,1150129
Kate,McLean,1278131
Aroldo,Nery,1665099
Thirwell,Nolen,1727460
Freida,Zavurov,1783360
Eric,Schewe,2107755
Kenneth,Goodman,2240541
Fay,Morgenstern,2262935
Kyle,Du,2191688
Meghan,Martin,2374553
Anna,Burkadze,2301818
Fathima,Humera,2220660
Hye Su,Lee,2237782
Rosanna,Esquen,2314489
Christos,Ioannides,2383005
Christopher,Wagner,2384248
Woo Ree,Heor,2511479
Thomas,Hedrick,2700966
Khaled,Al Hilli,2743698
Rob,Nadeau,2751304
Jack,Barnhardt,2768340
Gil,Woodbridge,2792844
Camilo,Carvajal,2457721
Raymond,Jones,2881017
Alexis,Brandkamp,2915755
Malcolm,Drewery,2917780
Daniele,Cameron,2932745
Melissa,Lovitz,2970817
B.,Wheatman,1271958
Themistokles,Bournias,3058898
Sharina,Chowdury,1254646
Haojie,Ji,2035684
Manuel Alejandro,Fajardo,1843615
Alesia,Montgomery,1861448
Meghan,Fox,1990689
David,Letzler,1945840
Haim,Avitsur,884635
Marlene,Linville,1016889
Zhou,Shi,1382417
Wendy,Fitzsimons,1610101
James,Stellar,1588845
Julio,Penagos,1607118
Joseph,Schloss,1813533
William,Krause,2209837
Ivana,Krstovska Guerrero,1821698
Alana,Murphy,1765951
Roman,Reichert,2219933
Ayo,Deas,2387251
Victoria,Martin,2339992
Vijailakshmi,Singh,2384560
Alyssa,Bonilla,2327040
Hillary,Miller,2563559
Ester,Aziz,2627805
Sandra,Ariza,2422275
Benjamin,Ranjitkumar,2092059
Sunghee,Shin,1147408
Charles,Gomez,2382389
David,Whitcraft,2408226
Agnes,Eshak,2461500
David,Kupfer,2383012
Azlan,Maqbool,2577411
Sidra,Jabeen,2647653
Simone,Kaplan-Senchak,3002730
Rachel,Goldman,3027861
Faye,Bourie,2326641
Ann,Raymundo,2352186
Blanche,Zahran,2352190
Matthew,Feinstein,2452120
Ryan,Sullivan,2534841
Rezarta,Hoxhallari,2551420
Melissa,Pocsai,2618171
Rigaud,Noel,2668881
Memona,Ali,2702589
Erick,Castillo,2730856
Jordan,Schneider,2927107
Carlos,Andrickson,2888912
Lizheng,Zhou,2890524
Barbara,Bowen,2909588
Natalie,Nagpal,2928195
Andrew,Amstutz\t,2957891
Rachel,Seubert,3004764
Cassandra,Shannon,3017232
Gregory,O''Mullan,1719389
Matthew,Peros,3057132
Diane,Lipken,1098970
Ryan,Ehrhart,2098473
Bernard,Solomon,1557188
David,Humphries,1595587
Dennis,Santella,1722972
Samuel,Gillman,1730052
Marcia,Berry,1081744
Dan,La Botz,1905102
Jeff,Beeler,1872750
Gisele,Auguste-Washington,1876801
Jemima,Georges,2132805
Patricia,Gill,2188343
Lynley,Lys,2142808
Ramon,Tejada,2323791
K,Park,782129
Adrienne,Aranita,1108464
Benjamin,Garrett,1185124
A,Seethal,1300033
Jawanna,Mann,1405083
Najwah,Brax,1517640
Ines,Thiebaut,1522057
Jodi,Uderman,1487603
Charlene,Bryant,1692592
Titus,Son,1886228
Dara,Barnat,1918904
Gozde,Yildirim,2207336
Patrick,DeDauw,2283601
Joshua,Yaminian,2380047
Tristen,Lee,2401879
Jose,Anadon,2229454
Julian Gonzalez,de Leon Heiblum,2510575
Koffi,Komlani,2380854
Jeffry,Solomon,2532137
Michael,Delligatti,2435553
Paul,Pelech,2140992
Debanjan,Roychoudhury,2560143
Nourit,Zimerman,2958558
Samuel,Sanchez,2537225
Samantha,Tramontano,2376866
Fred,Cadieu,2514322
Valerie,Matos,2716803
Jessica,Malucci,2742000
Tsipora,Sassoon,2803997
Jessica,Angelastro,2865466
Floriana,Frigenti \t,2922671
Jimee,Choi,3012926
O''Donoghue,Kathryn,1753841
Ashima,Kant,2020260
Joshua,Rogers,2865602
Charles,Maniego,2310502
Ashaki,Rouff,1714400
Steve,Bunin,769588
Paola,Rodriguez,2903786
Rajvir,Kaur,1850049
Wilford,Pinkney Jr.,1499992
Roslyn,Ross,799362
Adam,Lee,1525869
Joni,Cassidy,947122
Michael,Komorowski,1844943
Paulina,Piedzia,1172612
Daniel,Labotz,1903906
Thomas,Eaton,1231605
N.,Teikimanis,1360659
Moshe,Katz,2000988
N,Habib-Mintz,1381618
Ana Isabel,Gonzalez Tamara,2061984
Emily,Adams,2129364
Anna,Levy,736296
Edward (jim),Rice,1286536
Ofra,Beigel,1380271
Sara,Martucci,1718568
Fei,Liu,1848879
Chris,Carlson,2158031
Francisco,Benavides,2121528
Serena,Cavolo,2000652
Christian,Colon,2399733
Tanya,Prochet,2444882
Erich,Grommet,1258716
Steven,Harris,2445669
JIAQI,YANG,2450156
Arnold,Adler,2501949
Meagan,Cea,2598862
Benjamin,Gruendler,2598930
Courtney,Brea,2716821
Sophia,Siegel-Warren,2775873
Charlie,Markbrieter,2789461
Rima,Kulimova,2910488
Geo,Hull,1693848
Clint,Ruhlman,2061360
James L,Farrell Jr,797400
Bidisha,Roy,1554628
Phyllis,Solomon,871209
Enci,Shao,1628947
Antonio,De Jesus,1635231
Kai,Krienke,1783439
Nicholas,Rynearson,1903904
Meir,Gal,1244070
Eric,Becker,1951399
Anthony,Buttaro,1876981
Jill,Humphries,908371
Ashraful,Alam,771939
Boojala,Reddy,1237964
Luca,Zamparini,1767019
Olivia,Ildefonso,2208911
Kellie,McLean,2296331
Robin,McGinty,2091706
Marianne,Land,2363335
John,Digregorio,1615636
Glenn,Burger,848987
Samira,Rabbanifar,1615085
Roxana,Nedelcu,2107277
Randy,Cruz,2371327
Faithe,Scobbo,1937190
Brian,Stonaker,2351160
Emma,Garrison,2489405
Ricardo,Pinto,1292952
Chamara,Moore,2876343
alicia,grullon,2561635
Deborah,Mesa-Pelly,2567937
Sophie,Schiff,2575077
Daria,Tolstikova,2576396
Gary,Haehlen,2700473
Bart,Orr,2781308
Lizheng,Zhou,2800603
Nelson,Perez-Melgar,2838885
Kevin,Canyon,2941252
Daniel,Gaztambide,2944120
Walter,Lucken,2967587
Lisa,Maione,1904899
Edward,Klorman,1943620
Shatarupa,DE,1451655
C.,Sudol,837116
F.,Ghoulaichi,879905
Fred,Devito,1638731
Angela,Mouzakitis,1036027
Martin,Small,1109945
Brian,Brigham,1821484
Melissa,Silvestrini,1845574
Laura,Eldridge,1850097
S,Zur,1205203
Angela,Salas,1896346
Michael,Musaraca,1240715
Dhiman,Mondal,1933801
Meagan,Lenna,1943491
A,Aloush,1360707
Geoff,Burrows,2014388
Cara,Frissell,2151060
Jeffrey,Feinberg,944131
Pamela,Bennet,1946373
Claudia,Siguenza,2103265
rachel,Chapman,2094845
Aryeh,Itzkowitz,2253059
Sofia,Paraskeva,2408293
Ruka,Shironishi,2286503
Barbara,Bevington,2189236
Tara,Maloney,2218889
Vincent,Gatto,2315895
Jason,Smith,1891597
Joseph,Pfender,2567791
Peter,Calandra,2549779
Vladimir,Shuvayev,2270431
Renne,Castro,2368930
Marie,Weisbrot,2602636
Mitchell,Wilson,2631361
Amy,Wan,2658449
Diane,Shults,2714131
Hang,Zheng,2731306
Emily,Crandall,2747203
Katie,Machen,2764101
Chika,Iijima,2783638
Xumeng,Li,2264566
Maria,Troianos,2614544
David,Sage,2632863
Stephanie,Balkaran,2816895
Sean,Grennan,2864813
Cristina,Pacheco,2941512
Julie,Kantor,2973601
michael,figuccio,3021140
Jonathan,Alexandratos,1546382
Nicholas,Welna,2803095
Jingheng,Yuan,2815490
Wai Man,Wong,2944012
Barbara,Steiner,1135862
Stephen,Klein,1257089
Mary,Bays,2128988
James,Marcum,1678789
Marcia,Baghban,981111
Joseph,Williams,1723485
Sarah,Deutsch,1860305
S,Simon,1215371
Abigail,Turner,1915494
B,McNevin,1268227
Mavis,Smook,1966887
X.,Cao Kam,1360420
Brian,Ford,2006936
Eric,Kutter,2150852
Joanne,Sills,1875766
Daniel,Dench,2261167
Kristin,Mozeiko,1819766
Chloe,Bass,2176669
Maaza,Mengiste,2193127
M,Harrison,840153
K.,Modi,874710
T,Medely-Johnson,939257
Sajan,Sani,1149209
Cara,Santamaria,1288361
Kelly,Centrelli,1480942
Atcil,Abdurrahman,1874956
Shanta,Sukhu,2107318
Varindra,Hart,2102250
Philip,Clark,2176670
Ryan,Carr,2263973
Jessica,Rodriguez,2230111
Jacqueline,Bilan,2234916
Paolo,Pellecchia,2268741
Urooj,Amjad,2351585
Ting Ting,Wu,2353249
Tanvir,Toy,2370961
Marcos,Ynoa,2442194
Yuhao,Kang,2262973
Patricia,Giannattasio,2418187
Helen,Johnson,2539212
Sheryl,McCarthy,2424636
Jamie,Lopez,2592183
Maria,Bermejo,2559897
Mariapaola,Gritti,2459029
Erika,Cosby,2126053
Thomas,Grochowski,2610258
Lynn,Siegel,2278070
Annette,Durrant,2578038
Sara,Prewett,2633884
Lily,Leon,1120878
Amel,Hamzaoui,1357129
Jennifer,Minnen,2313917
Aveta,Singh,3015548
Arlene,Laverde,2243416
Jo,Barnett,2447164
Leslie,Akst,2449012
Cong,Zhao,2629084
Alberto,Gelmi,2642242
Joshua,Barnes,2666718
Zhujun,Li,2686836
Jennifer,Bommarito,2702402
Peter,Dubon,2716496
Yinxian,Zhang,2724439
Anika,Sanjana,2768477
Anna,Kristen,2832784
Israel,Kurtz,2925769
Ashley,Marinaccio,2910923
Nickolas,Dubin,2927462
Hajara,Masood,2946164
Selin,Alkan,2956110
Ioanna,Glava,2956247
Maria,Breen,2973797
Yingru,Ouyang,3014392
Thomas,Finkelpearl,3017953
Eric,Goldfischer,3017980
Tony,Wen,3041953
Laura,Egan,2150148
David,Chin,806810
Anasstasiya,Adrianova,1518692
Sudipta,Lahiri,1528682
Kikuyo,Ito,1561158
Deborah,Fried-Rubin,1724007
Dorene,Lorenzoni-Pericic,1724102
Margaret,Tice,1800689
P,Read,1146296
Harish,Swaha,1233209
Elizabeth,Scheib,1980274
Michael,Pecoraro,2011981
Trebien,Pollard,2205479
Peter,Hamlin,1690391
Frances,Romano,2195938
Sireesha,Teegala,2312080
E,Kaufman,1148482
Y,Horesh,1318155
A.,Landes,1298162
H,Jacobs,1526481
Samantha,Saghera,1485757
Caterina,Panzeca,1559598
Mariana,Newhard,2164411
Xiuyan,Ni,2230308
Sarah,Maldonado,2363806
Mattia,Roveri,2444896
Tiah,Fanrich,2479367
Kei,Nemoto,2421995
Andrew,Bennett,1301566
Hassan,Eddahabi,2560072
Nan,Li,2267310
Franko,Layton,1690447
Jennie,Yi,2887756
Kevin,Bedoya,2940102
Adriana,Abad,2580013
Heather,Clarke Mackin,2603031
Cherise,Evans,2669293
Patrice,Morgan,2679266
Sofia,Taherkhani,2703355
Thomas,Kettig,2734665
Katerina,Yamamoto,2753393
Se Chong,Kim,2794414
Adriana,Galante,2831673
Brian,Gebhart,2901498
Shantal,Taveras,2918066
Isabel,De Sena,2939612
Christine,Jang-Trettien,2945289
Laura,DePaola,2970269
Margareth,Lafontant,2974816
Justin,Boateng,2980826
Tai,Kim,2695677
Kimberly,Gonzalez,2784364
Yael,Wender,2052410
Claudia,Calhoon,2747683
Ji Young,Shim,1091201
Ariel,Rosenbloom,1642256
Alla,McGrath,2035258
Andy,Aabreu,1992074
AnnaIisa,Guzzardi,2963987
Jie,Chu,1449721
Rivka,Derman,740982
Larry,Johnson,2094038
Eric,Dagobert,2115615
S.,Cheslowitz,878995
Rena,Wiener,1614783
Nachiket,Pingle,1741110
Jennifer,Sainato,1758211
Andres,Martinez,1824307
Lorna,Ronald,1263128
Patricia,Rocco,2137496
Gisele,Auguste-Washington,2092450
Athar,Abdul-Quader,2263583
Cathy,Smith,2321212
Michelle,Park,1222112
Mari,Watanabe-Rose,1309840
Daniel,Fienup,1312156
Andrew,Rosenberg,1312158
Shoshana,Korman,1457884
Gabrielle,Schaich Fardella,1407622
Carolina,De Luca,1515022
Duygu,Parmaksizoglu,1550001
Rishi,Chlemenski,1677992
Matthew,Moocarme,1689690
Hannah,Schwadron,1855324
Kevin,Shulman,2177463
Alisa,Wade,2305106
Charles,Ray III,2309484
Stephen,Goldstein,1784858
Marcy,Berger,2412711
Timonthy,Connor,2455397
Violetta,Jaffe,2329975
Livia,Fagundes,2594795
Zeli,Miceli,2554158
Patricia,Lennon,2614767
Tanisha,Everett,2131937
Surei,Quintana,1737602
Patrick,Timken,3006016
Cecilla,Salvatierra,2422638
Jeffrey,Kasper,2452963
Zachary,Mullen,2602324
Vedat,Onur Yilmaz,2604432
Mamori,Sugita,2638891
Kristina,Aranbayeva,2659397
Wen-shan,Shih,2664909
Craig,Michaels,2691278
William,Spisak,2722189
Yaxkyn,Mejia,2753827
Deborah,Phillip,2761647
Jamie,Zabinsky,2801989
Ekim,Kilic,2805611
Ferdoushi,Hossain,2877384
Cayla,Murphy,2884049
Omari,Weekes,2903831
Dilara,Ayaydin,2921650
Kevin,Abraham,2974796
Aniko,Szucs,2979470
Natalie,Erazo,3016657
Anjali,Mangal,3018318
Galina,Letnikova,1794394
Jason,Jacobskind,1836683
Maureen,Waters,696017
Zenobie,Garrett,1505984
Jeffery,Hamelin,1574847
Terrence,Quinn,956757
Abedin,Quader,1711347
Kathleen,Fallon,1003080
Renee,Jones,1022540
Chris,Oliva,1728881
Lawrence,Feldman,1751649
Marha,King,1765824
Hasebe,Takuya Hasebe,1773941
Andy,LU,1851170
Unseld,Robinson,1166413
Johnathan,Thayer,1886922
Emily,Zane,1903479
David,Weinfield,1941033
K.,Michael,1365501
Irena,Xhurxhi,2036898
L,Ghergh,1268988
Anthony,Sepulveda,1978450
Annemarie,Coffey,2168083
Rachael,Chapman,2196317
Roy,Venegas,2385062
T.,Ediriwickrama,864304
Lynnette,Nitzchke,1144336
C,Frost,1214199
Deodat,Somaiah,1324497
Michael,Jolley,1496915
Sounak,Ghosh Roy,2353982
James,Kaczmarczyk,2349774
Kathryn,Bryant,2431033
Wei,Fang,2432608
Michael,Murphy,2151022
Peter,Schmidt,1953099
Steven,Herran,2459876
Stephanie,Spehar,893707
William,Reinisch,2444768
R,Rana-Risso,1149705
Kayla,Rose,2520818
Nadia,Misir,2562094
Zahra,Khalid,2420558
Diego,Barragan,2492551
Jermaine,Toney,2091945
Ariela,Herman,2123464
Yu,Zhang,2982247
Noa,Hazan,2217554
Seongmin,Ahn,2812560
Ezekiel,Willerson,2886151
Oscar,Gonzalez-Barreto,2570114
Naudline,Pierre,2609642
Iantheia,Calhoun,2728966
Meghan,O'Malley,2799372
Juan,Acevedo,2831555
Fei,Fang,2914236
Noella,Chye,2922343
Monika,Herrera,2927459
Yaakov,Darmoni,2943874
Yanjie,Yu,2957753
Mark,Hoff,2995984
Wesley,Buckwalter,1538835
Andrew,Paizi,1716136
Mamori,Hughes,1908807
Yoon Jin,Lee,3046964
Andrew,Martin,3051539
Gabriela,Camacho,3053453
Laurisa,Peters,3053803
Marc,Schneiberg,1522876
Vincent,Yip,1794910
Helen,Juanxu,1291233
Keri,Brucato,2092999
Eric,Steimetz,2104683
Xiyan,XU,1860318
Micheal,Friedman,1866149
Vanessa,Paul,1894756
Beatrice,Bridglal,1312164
A,Richter,327351
Yeonju,Lee,2149012
William,Gallego,2229860
Jordan,Kirk,1834061
Melanie,Lolier,1888859
Mohiba,Rafiqi,2016120
Gunnar,P. Yanez,2018586
Rebekka,Kehlenbrink,2059093
Rebecca,Stanton,2319896
Leili,Mohammadi,2384789
Raymond,Pettit,1583824
Elzbieta,Tracz,2392420
Naheed,Samadi Bahram,2238138
Joseph,Fender,2537757
Andres,Ramirez,2560259
Edoardo,Vaccari,2601946
Gabriel,San Emeterio,2975340
Moa,Zachariah,3014162
Deborah,Gruber,2296540
Sheila,O'Neil,2379264
Susan,McCullough,2496929
Tushini,DeSoyza,2658088
Chris,Galarraga,2661153
Jaclyn,Doherty,2732402
Zohaib,Shah,2779755
Cristina,Price,2780422
Yzza,Sedrati,2884617
Mi Jin,Park,2948147
Alexis,Leiderman,2962310
Dominique,Calandrillo,2970063
Poe,Allphin,3023229
Juanita,Martin,3068104
Victoria,Fernandez,1769120
A.,Wallace,1486046
Andre,Degas,2087265
Heather,Grossman,1509664
Mi Kwang,Hwang,1590204
Joe,Bertolino,1590062
Waxman,Joshua,1655845
McQuade,Molly,1680254
Mariana,Romocarmona,1684554
Charles,Payne,1820767
Linda,Sayed,1901551
Beth,Kuhlman,1975153
Leo,Rivera,1346234
Frances,Fientuch,2007487
Kristina,Ames,2053262
Richard,Bellis,2206109
Yan,Sun,2261705
Megan,Milks,2377116
Sara,Michael-Luna,1983085
N,Chase,840155
Hoyt,Irie,1472844
Carolina,Barrera-Tobon,1731402
Coralynn,Long,1778177
Areej,Khan,2151565
Christain,Sakai,2249105
Amanda,Goldstein,2329435
Aneesa,Garcia,2229790
Shailesh,Sharma,2400451
Giordana,Fiori,2500252
Melissa,Fontes Maxwell,2462767
Julie,Kern,2521486
Cassiopeia,Freeman,2537039
Nusrat,Hossain,2573091
Kaitlin,Kosinski,2596845
Regine Isabelle,Joseph,2628450
Selin,Alkan,2807573
Ruobing,Zhao,2277982
Mitch,Wood,2471532
Lisa,Hlinka,2654050
Seyam,Achraf,1720212
Brianna,Taurisani,2805340
Tanisha,Everett,2451548
Kevin,Khanyan,2941251
Malcolm,MacDougall III,2567941
Seongmin,Park,2609630
Chen,Wang,2642862
Tomasz,Zyglewicz,2678488
Terence,Crossan,2718428
Michael,Wechsler,2780813
Michael,Wechsler,2780813
Robert,Merkin,2805668
Jennie,Youssef,2818164
Theo,Almeida,2837455
Sabir,Semerkant,2837549
Sarah,Bowe,2886033
Hyewon,Joo,2891558
Yana,He,2911636
Costa,Constantinides,2923993
Rebecca,Teich,2949337
Holly (Robin),Rogers,2968298
Charles,Markbreiter,2981162
Diomelca,Rivas,2982574
Andres,Carvajal,2983255
Idil,Onen,2983481
Satyam,Jha,2993141
Matthew,Ecker,3017302
Anika,Wright,3017304
Ray,Liu,3018620
Kermit,Sahney,3038841
Maria,Antoniou,3042695
Leslie,Jarrett,3063841
Gilad,Rabinovitch,3066033
Joel,Jackal,1480755
Brian,Sloan,2071062
Jian,Lv,2093187
David,Robinson,2096029
Elayne,Cheslow,2125658
Maria,Pantelides,1673944
Bingbing,LI,1689406
Maria,Shifrin,1724698
Patricia,Zajac,1824376
A,Greenberg,1164989
Hanna,Oldsman,1875053
Megan,Garedakis,1874931
Sonia,Nagvenkar,1896378
Pedro,Barbeito,1933143
Jane,Haupman,1943492
Dayu,Zhang,1983350
Tom,Slotwinski,1986398
David,Weinfeld,2001871
Ayse,Yagli,2019427
An Shuan,Pang,2020842
Justin,Comito,1406130
Randy,Jackson,1965506
Romona,Perez,2191782
Eugene,Mananga,1621034
James,Sanborn,2232025
Maggie,Rourke,2258535
Jake,Jordan,2223710
Carla,Davis,2239889
Tej,Sharma,2255945
Mark,Gormley,2326310
Carolyn,Wood-Ortiz,2332870
Kaitlyn,Greenwood,2348193
K,Stigi,1259833
Dalie,Quiros,1304637
Sunhee,Her,1626548
Caitlin,Applegate,1732333
Jeff,Simpson,1739969
Park,James,1821683
Jessica,Zimilover,2130020
Scott,Bryson,2109474
Rachel,Taniey,2395454
Antonio,Hart,491813
Yaobin,Liu,2422560
Neil,Agarwal,1572510
Ashley,Malin,2494455
Heather,Roberts,1310008
Mark,Floumanhaft,1560566
Richard,Cohen,1727153
Annur,Ahnaf,2563256
Thomas,Meyers,1775030
Kristen,Squires,2603844
Tashrique,Khandaker,2605445
Kathleen,Toms,2592035
Pritchett,Alexandra,2635281
Ege,Aksu,2542241
Limarys,Caraballo,1876639
S.,McCarthy,1060141
Valerie,Sonkin,2884362
Naziat,Hassan,2982677
Adriana,Abad,3001063
Steve,Goldman,3029059
Rhonda,Feder,2428466
Md,Rahman,2629071
Jason,Brody,2668880
Emily,Fogarty,2674471
Igor,Kuskovsky,2692266
Gloria,Stoyanova,2702625
Gina,Keatley,2760867
Junjie,Chen,2770462
Gregory,Lallos,2805423
Maria,Grasso,2810213
Victoria,Lau,2841641
Elizabeth,Lepore,2905656
Marisol,Diaz,2910631
Sanjay-Richard,Tejiram,2913161
Barbara,Kinsella-Kammerer,2914040
Taemin,Ha,2977508
Aiden,Stanciu,2977916
Dorothy,Davie,1677623
Yiming,Huang,2475170
Jong,Song,2880031
Phoebe,Macdowell,3042283
Jennifer,Sullivan,3060797
margen,martinez,2413992
Jonathan,Larson,2602198
Robert,Lanson,2263587
Kaikai,Bian,2290617
Kaitlen,Walsh,2307128
Josh,Fyman,1326559
Jake,Dawson,1761218
Madeline,Yap,2944034
Zahava,Lowy,2986830
Andrea,Garcia,3065543
Taylor,Rubin,3066695
Yonah,Adelman,2133857
Hussein,Abdulle,728167
Andrea,Siegel,1517588
Rick,Marino,1529154
Merzela,Casimir,2126050
Professor,Didamo,1639059
Zakia,Henderson-Brown,1640031
Lynn,Howard,1649726
Rishi,Chelminski,1746332
Patricia,Carris,1789691
Khushmand,Rajendran,1821886
Dinah,Han,1876884
Olga,Nikelshpur,1212561
Conway,John,1941537
Kenya,Clay,1294278
Gale,Manheim,1976985
Kin,Pi,1992335
Tristan,Husby,2010869
Huang,Lai,2017460
Glenn,Weinberg,2027199
Frances,Geller,1982591
Wi,Leynse,2160969
Marc,Katz,2086175
Nicholas,Proscia,2265357
Xuemeng,Li,2277321
Renee,Rhodd,2329957
Syed,Jafri Jr,2374561
Naomi,Barasch,2382563
Nicole,Almeida,2382560
Sofia,Dadabayeva,2008839
J,Santamaria,1259838
Katie,Mishkin,1439097
Lori,Hiris,1578655
Steve,Mosco,1809902
Kevin,Kennedy,1855623
Andrew,Anastasi,2382788
Joselyn,Landazuri,2391444
Sherif,Shabaka,2338616
Sarah,Kahl,2451504
Roberto,Ramirez,2412318
Sophia,Halkitis,2458900
Yael,Rosenstock,2496387
Thomas,Marks,2498138
Kerstin,Unger,2337888
Adele,Kudish,2505222
Azriel,Genack,2411247
Anna,Chichi,2601451
Danxiaomeng,Huang,2576386
Rhonda,Binda,2987793
Clifford,Campbell,2963850
Ryan,O'loughlin,3025813
Beth,Schettino,2569525
Tsz Yeung,Chan,2579834
Jennifer,Aguilera,2607628
Pere,Martin,2634326
Hannah,Cooke-Ariel,2637447
Christa,Sankar,2675216
Sam,Seifman,2680008
Wendy,Zhao,2697187
Peggy,Samuels,2698718
Nicole,Dennis-Benn,2760267
Catalina,Tapia,2828913
Ying,Kang,2838453
Ying,Kang,2838453
Annaliese,Chang,2845649
Steven,Kurniawan,2857770
Ariana,campbell,2863587
Jessica,Angelastro,2867702
Nandini,Banerjee,2872575
Caroline,Nelson,2881018
Daria,Collins,2912668
Nabeela,Habibulla,2913670
Julie,Goodale,2939086
Richard,Prins,2957751
Miaolan,Chen Weng,2994073
Sun,Kim,1675072
Andrew,Zolot,3041251
Chante,Hope,3047569
Kirk,Persaud,3068439
Peter,Malaty,1451796
Lauren,Kryzak,1552747
Doug,Honorof,1568467
Mariann,Cooper,1580815
Kyle,Bauser,1595564
Caroline,Erb-Medina,1681370
Patricia,Jones,1738195
Huijing,Cai,1784055
Na,Raspanti,1853298
Lorraine,Wong,1855613
Teresa,Gonzales,1175108
Kasey,Luchan,1259413
P,Courtney,1293846
Elise,Denbo,2005630
Evelyn,Burg,1382891
Derek,Mu,2012819
Nick,Bacon,2031922
Joanne,Miller,2094950
Kamil,Ansari,2161068
Zachary,Levine,2217975
Peter,Van Suntum,2222880
Haeyon,Lee,2283522
Kristen,Cribbs,2288775
Benjamin,Garret,1323576
Inas,Rashad,1310005
Jesse,Paez,1413749
Bruce,Sun,1533852
Diana,Strumbos,1510433
Sivan,Azrad,1571848
Elizabeth,Heller,1679410
Norissa,Atingdui,1717925
Laura,Heffernan,1779033
Nina,Frenkel,1867025
Kenneth,Elan,1979195
Alexandra,Paccadolmi,2372450
Jeremy,Sie,2422573
Eric,Hodges,2416578
Cristian,Crane,2402243
Stanislav,Ostrovskii,2460420
Tuffani,Tai.,2528406
Danielle,Lord,2528081
Victor,Pinnock,2565184
Jazlyn,Natalie,2602086
Sum,Wong,2608927
Samuel,Adrain,2614629
Abe,Korn,2587404
Irene,Hoxie,2561527
Karen,Johnson,2651960
Yasmin,Solomon,2602206
yun,wang,3017251
Michael,Dellova,2156643
Laurie,Barocas,2234006
Apoorva,Vashisht,2732140
Dipesh,Koirala,2586903
Luis,Quesada Nieto,2715726
William,Griffith,2752555
Bill,Orchard,2757335
Leora,Tanzman,2760320
Tobias,Hatten,2775812
Martha,Schulenburg,2795696
Dongmyung,Ahn,2802614
Shari,Zimmerman,2819458
Corey,Pickering,2899357
Alejandro,Lorenzo,2908817
Y.H,Chu,2913253
Eleanor,Whitney,2913921
Shu,Wu,2918067
Concetta,Livia,2929764
Abdallah,Alsallal,2934193
Mark,Mays,2952806
Natalie,Milbrodt,2990398
Yelizaveta,Shapiro,3017385
Madison,Spahn,3017788
Simone,Yearwood,2037794
Navdip,Hans,3038713
Jeffrey,Marsh,1950931
Raymond,Myrthil,1879745
R,Hodel,476741
Katherine,Hines,2082453
Jenelle,Covino,1512239
Javor,Bracic,2106605
Desha,Osborne,2108070
Rosemary,Pertab,1575922
Wan,Chuan-Kao,1645161
AJ,Robison,1679413
Stamatios,Gianoumis,1688972
Anish,Desai,1695676
Ruben,Pereira,1747582
Laroi,Lawton,1794396
Amanda,Bastas-Hernandez,1825910
Beverly,Bisland,1933633
Thomas,Whitney,1973939
Lois,Craft,1371076
Alexander,White,2017799
F,Fischthal,1395881
Alana,Cermeli,2117778
Anik,Nath,2222698
Avinash,Chanda,2147893
Danne,Wu,2264490
Khanna,Himanshu,2092062
Adam,Momsen,2293044
Allison,Pulllizzi,2337893
Norka Blackman,Richards,1536898
Stephen,Jones,2451745
Daniel,Rudas-Burgos,2503131
Robert,Wargas,1396713
Ariel,Rosenbloom,1642257
Mary-Caitlyn,Valentisson,1906432
Troy,Simpson,2105571
Lena,Greene,2107068
Agnes,Link-Harrington,2251857
Fernanda,Armoza,2188364
Richard,Winberg,2376417
Marvin,Tobias,2412153
Ester,Wu,1969765
Jason,Nielsen,1874593
Ronita,Ghatak,2426680
Suzanne,Li,2427881
Ada,Price,2497686
Samuel,Jung,2223734
Gopal,Sukhu,2004826
John,Emrich,2403104
Danielle,Wasserman,2605278
Veleda,Roehl,2491469
Nicole,Paronzini,2570115
Roberta,Wanderwerf,1539321
Adam,Hall,1490932
Allen,Binder,1356306
cheryl,Ann Leone,2973400
Pedro,Val,3028962
Esther,Wu,2457679
Guanglei,Hui,2475160
Emily,John,2661954
Elliott,Jun,2673741
Romina,Mancusso,2701948
Kenneth,Goodwin Jr.,2713281
Jacqueline,Sarmiento,2778134
Joan,Anderson,2787225
Mohamed,Gamal-Eldin,2792927
Monica,Malone,2991210
Kristen,Kenny-Didamo,2800533
Alice,Tsui,2819707
Mubinjon,Satymov,2869822
Lisa,Rosenzweig,2913171
Sonia,Gonzalez,2965436
Michael,Loccisano,2973141
Sarah,Deolall,2976062
Jennifer,Roderer,2983143
Oleg,Kogan,3017780
Khanh,Le,3019777
Mayya,Makarycheva,3034789
Thompson,Wells,3037456
Anna,Truxes,2804397
Hande,Mutlu-Eren,1970043
John,Riley,3069837
Krista Louise,Smith,3071070
Jane,Hauptman,1947369
Richard,Diaz,2020590
Christen,Madson,2021138
Maria,Revere,2099853
Marc,Graff,1873920
Kyle,Smith,2139678
May,Moe,2169253
Ilesh,Patel,2186904
Nairobi,Walker,2221266
Roberta,Chacon,2340364
Jiali,Chen,2354570
Arthur,Boodaghian,2350510
Lessie,Branch,2383864
Adam,Devitt,2386985
M. Acosta,Henao,2388004
Jonas,Shalini,2393122
Xiao,Cheng,2411040
Walter,Burgos,2445044
Sean,Griffin,2445684
Howard,Burstein,2447532
Lisa,Timmel,2453035
Michael,Conforti,2451593
Aisha,Sidibe,2426452
Laura,Klien,2475653
Taybea,Meansur,2555761
Edward,Cerverizzo,2570195
Gabriella,Radujko,2575933
Faiyaz,Jafri,2612366
Silvia,Calvo,2728089
Andrew,Hickey,2757536
Vincent,Cali,2608961
Marc,Ronquillo,2609633
Carol,Hacker,2660614
Aby,Muhammad,2540415
Ashif,Bhuiyan,2678310
Shah,Khan,2699757
Wilborne,Emily,2700758
Judith,Levy,2733786
Alice,Olvera,2734908
Nathalis,Wamba,2667155
Nicole,Massop,2761179
Salin,Alkan,2790246
Bridget,Anthony,1973932
Yi-Chun,Wu,2805110
Heba,Abdeinabi,2806326
Keiloo,Yung,2810817
Mark,Powell,2781789
Maria,Pio,2862172
Harshita,Nedunuri,2854309
Maria,Pio,2864894
Lavelle,Porter,2888897
Natalya,Balnova,2654873
Philip,Adsetts,2905603
Andrea,Efthymiou,2923990
Tess,Fruchtman,2910404
Saudia,Karimbaksh,2914905
Shuai,Ma,2927415
Jamie,Sabinsky,2920639
Sanjay,Tejiram,2913162
Francisco Penaranda,Tomas,2889641
Garuish,Telang,2943193
Surya,Gavva,2959985
Red,Washburn,2970917
Gina,James,2975852
Anne,Coffey,2993067
Ellen,Wulfhorst,2914623
Jason,Wheeler,3014264
Jillian,Rudes,3014849
Jason,Wheeler,3014264
Jillian,Rudes,3014849
Louis,Gorgone,3015331
Katherine,Uva,3016780
Mengfei,Lu,3017294
Hannah,McCollam,3018279
Vitali,Badizai,3019807
Mary,Marino-Jones,3020147
Stephan,Dilchert,2962456
Bridget,McFadden,3027203
Murphy,Halliburton,3027813
Nicholas,Leahy,3060812
Avi,Weiss,1971113
Gayathrie,Amarasuriya,1966908
Kayla,Reece,3067635
Olatokunbo,Enigbokan,1999496
Jane,Dorfman,2059221
William,Modeste,2066485
Susan,Davis,2148231
Kimberly,Giordano,2223119
Eleftheria,Astrinaki,2327216
Rachel,Mincer,2351647
Angela,Riechers,2374560
Xiomeng,Kong,2374800
Vishni,Witanchi,1728778
Kelly,Abdelmassih,2394120
Leo,Herzog,2399959
Regina,Krummel,2405503
Jaime,Coan,2428484
Heather,Mackin,2451630
Barbara,Elias,2500064
Gary,Aguayo,2514084
Victor,Lane,2515700
Lynn,Lewis,2519859
Susan,Rotenburg,2569433
Micheal,Sargent,2587204
Joanne,Kelleher,2624968
Efthimia,Rigogiannis,2648086
Vanessa,Perez Rosario,2652975
Gaukhar,Askarova,2605043
Barbara,Doehrman,2666399
Lisa,Mackie,2676752
Bryan,Thornton,2680010
Elizabeth,Marcello,2694609
Linda,Mitchell,2701106
Lucie,Mingla,2702381
Chiu,Pang,2702646
Richard,Diaz,2614123
Ana,He Gu,2706713
Marlon,Moreno,2748806
Monique,Herard,2750745
martin,hanlon,2764545
Mirna,Nashed,2768476
Cathy,calls,2769206
Melon,Soda,2774201
Shoshy,Frenkel,2775664
Marvi,Shah,2779759
Leonardo,Nole,2805617
Royal,Brown,2810209
Kiely,Hall,2810227
Caitlin,Colban-Waldron,2820719
Ryan,Loughlin,2848507
Franco,Cortese,2872253
Andrew,Taylor,2854314
Steven,Kurniawan,2857766
Julia,Hummel,2909803
Karolina,Koczynska,2914249
Nikoo,Hosseininezhad,2948158
Andrew,Amstutz,2957892
Noella,Chye,2961095
Antonius,Wiriadjaja,2964061
Krista-Louise,Smith,2968450
Hamid,Ikram,2947342
Meethila,Rahman,2999265
Ellen,Lindner,3023906
Steven,Raga,3025925
Diana,Schoenbrun,2609637
Grace,Hwang,2609638
Charlie,Markbreiter,2802048
Michael,Fuguccio,2840826
Kellyn,Mylechreest,2979857
Ming,Lei,3040999
Amanda,Keifetz,3049922
George,Switzer,3051233
Desiree,Byrd,3062114
Rachel,Mei,2579757
Michael,Merkins,1937177
Athar,Almadanat,3002036
Rachel,Knight,3017484
Andrew,Richards,2420078
Parker,Thomas,3061989
Maura,McGee,2055648
Joel,Mandelbaum,2083316
David,Glass,2095528
Stanley,Lin,2110699
Christen,Madsen,1995504
Zaida,Navarro,2150110
Leandro,Ossona,2151008
Christine,Spreizer,2189843
Dhiman,Mondal,2207612
Catherine,Waters,2227262
Samuel,Kalda,2244389
Rong,Wu,2257900
Michael,McCabe,2267628
Dae Shin,Ju,2327686
Eleftheria,Astrinaki,2327474
John,Wagner,2325036
Linda,Meltzer,2366588
Esra,Atamer,2379699
Roy,Vanegas,2381146
Ibe,Skeemin,954159
Samantha,Balgobin,2401766
Jeremy,Teigen,2408294
Wright,Rickman,2428815
Ryan,Bastle,2452199
Adolphus,Thomas,2422377
Jianbo,Liu,2456108
Adam,Alesandro,2520895
Ross,Wheeler,2551091
Lisa,Labracio,2609631
Timothy,Connor,2615757
Sara,Rushia,2630069
Phelim,Dolan,2630820
Karen,Strassier,2634325
Rachel,Stevens,2676744
Zhuolin,Li,2679376
Aaron,Krach,2679448
Mostafa,Latifpour,2706139
Chui,Kwai,2707712
Herbert,Jr,2732977
Michael,Sanchez,2759348
Chaim,Keller,2777044
Whan,Lee,2783535
Nikhil,Ramachandran,2790324
Andrew,Ehrinpreis,2792899
Ritika,Nath,2819459
Joana,Coleman,2820236
Kristy,Johnston,2848556
Kristi,Lise,2867912
Hilel,Katanov,2855793
Tim,Mitchel,2879268
Noosrat,Jahan,2937157
Steven,Johnson,2894530
Justin,Kerch,2909071
Katrina,Moore,2890425
Raul,Abrego Jr.,2942228
Eleanor Armour,Thomas,2946928
Thomas,Hilgers,2960300
Hanna,Goldberg,2963608
Lisa,Betty,2963834
Eugenia,Trimarco,2979539
Wing Yee,Cheung,2947885
Nathalie,Fouyer,2999589
Debra,Christiano,3011189
Yzza,Sedatri,3013402
Jeffrey,Kornhauser,3016814
Karen,Ball,3022113
JV,Fuqua,3023450
Brandon,Jeffries,3023936
Keisha,Wiel,3025534
Betsy,Smulyan,3040329
Kevin,Lau,3045644
Taro,Shima,3047107
Gloria,Caminha,3052365
Xiaojun,Cheng,1993897
Natalia,Nakazawa,3046709
Karleen,Comrie,3065347
Yoon,Lee,3065744
Esther,Duran,2008785
Cristina,DiMeo,2031113
John,Flanigan,2096989
S. Bipulendu,Basak,2132124
Gary,Ittleson,2170430
Theodora,Kanellopoulos,2219289
Anju,Singh,2257916
Zhao,Ruobing,2277981
Wynter,Greene,2288074
Marianna,Zinni,2301592
Meng,Zhou,2327320
Susanne,Vejdemo,2328166
Raquel,Corona,2319301
Ryan,Gompers,2317914
Benjamin,Strauss,2354161
Uthara,Suvrathan,2333130
Eli,Reid,2453697
Andrew,Segal,2491594
Christina,Kosmidis,2491882
Xi,Yan,2494696
Rafael,Gomez,2385679
Lin,Zhao,2414117
Michael,Buono,2472324
Sandra,Cordoba,2947292
Nick,Normal,2510418
Henry,Martes,2517427
Ganesh,Ramanathan,2521559
Allegra,Ceci,2527978
christopher,mend,2528692
David,Lynn,2566502
Emilia,Lopez,2595263
Guohua,Zhang,2599717
Nicole,Antebi,2631434
Soribel,Genoa,2658145
Sandra (Sandy),Pensak,2660769
Jonathan,Benny,2664831
Rosmarie,Bovino,2669999
Magdalene,Breidenthal,2681392
Cheng-Cheng,Wen,2683507
Rachel,Christensen,2706764
Jiajie,Ding,2715210
Sung-Eun,Choi,2727901
Gerasimus,Katsan,2728524
Christopher,Dolmen,2731228
James,Shanahan,2755674
Michele,Morningstar,2755201
Michael,Acquaotta,2769392
Consenttinna,Pagano,2788422
Sonali,Shroff,2802786
Charlie,Durian,2804184
Minwoo,Song,2810450
Sarah,Guayante,2844976
Hyunjun,Yoo,2847296
Eric,Pan,2875136
Lalaena,Alfredsson,2871287
Balazs,Zombory,2870052
Tara,Ahmadinejad,2870516
Edgar,Verastegui,2888542
Jeffery,Goldberg,2837724
Dohyun,Shin,2863000
nan,hartmann,2901348
Arash,Andouhjerdi,2893539
Max,Brown,2911877
Maria,Carranza,2905422
Nipun,Koshy,2927417
Meagan,Sylvester,2923996
Jonathan,Tamaiev,2909741
Lourdes,rivera,2963184
Myrlene,Laroche,2986147
Jennifer,Bowles,2986796
Norka,Richard,2995827
Mariana,Feretti,2988178
Anuja,Mukherjee,3000147
Vivian,Gruder,3016944
Ali,Zhao,3017694
Emily,Drabinski,3023939
Cynthia,Tobar,3023940
Miranda,Grundy,3026692
Kayla,Reece,3035308
Monique,Sledge-Ambrose,3046439
Cindy,Reiman,3052264
Randi,Nuara,1989421
bianca,johnsom,3067515
Mark,Levine,1970264
Michael,Friedman,1977975
Moahmed,Nasef,1982593
Janet,Arce,1980196
Mingbo,Ma,2021407
David,Robinson,2067432
Babak,Gandjian,2120840
Sarah,Fetherolf,2123363
Eileen,Krest,2126320
Jim,Brown,2148896
Mimi,Divjak,2150785
Elizabeth,Lawley,2183014
Sara,Paulson,2228566
Hazal,Corak,2253374
Phil,Corso,2264781
Nicholas,Earhart,2264322
Laforrest,Cope,2265848
Christi,Gelo,2293100
Denise,Ferrara,2303878
Judith,Batashoff,2451023
Muhammad,Khan,2464568
Sara,Egendorf,2547186
Sunam,Kim,2560592
Heng-Gil,Han,2567940
Jacqueline,Nosrati,2399753
sherry,copeland,2547031
Claudine,Jean-Baptiste,2341161
Ali,Ahmed,2560144
Jason,Smith,2562279
Tiffany,Brown,2580233
Tiffany,Brown,2602193
Eric,Linsker,2101731
Roman,Garcia,2629998
Anthony,Mendez,2631692
Erica,Sausner,2656591
Elizabeth,Weinfield,2697489
Ernest,Bonaparte Jr,2709743
Herbert,Harbert,2732949
Vincent,Vitolo,2769399
Cortney,Berg,2770684
Angela,Fried,2804421
Christina,Price,2805246
Amanda,Brennan,2805978
Joseph,Lazada,2809193
Lidia,Chang,2814982
Man,Chan,2845325
Kristina,Denisova,2852601
Nikolas,Lupola,2867983
Abdul,Qadir-Islam,2870418
Carlee,Krook,2889634
Jayson,Slovak,2914154
Christie,Thiel,2894427
Joshua,Chapdelaine,2941690
Jordana,Chazan,2943003
Alana,Calcer,2943982
Dinorah,Hudson,2948137
Nancy,Bradt,2970237
Katherine,Rodriguez,2973472
Ashlyn,Cavitt,2977415
Regina,Castro McGowan,2979251
Grace,Pai,2986376
Audrey,Wathen,2871896
Puneeta,Mittal,2998783
Diana,Diaz,3010331
Franklin,Lee,3011284
Ji Young,Kim,3011830
Erika,Digirolamo Figel,3017021
Robert,Kinobe,3017632
Julie,Leventhal,3018317
Samantha,Chomsky,3023542
Sawyer,Kemp,3023932
S.E.,Hackney,3023937
Bret,Windhauser,3026100
Vikki,Terrile,3027147
Jonathan,Gutterman,3028890
Nathan,Davidov,3028945
Marc-Antoine,Longpre,3033250
Nakia,Gray-Nicolas,3042071
Ezra,Clementson,3043672
Miguel,Rodriguez Osorio,3047377
Calvin,Edward,3049029
Tristan,Hoffmann,3059637
Matthew,Cruz,3059638
DONE,DONE,DONE
